Participant_ID,User Valence,User Arousal,Video Type,HRV_RMSSD,HRV_MeanNN,HRV_SDNN,HRV_SDSD,HRV_CVNN,HRV_CVSD,HRV_MedianNN,HRV_MadNN,HRV_MCVNN,HRV_IQRNN,HRV_pNN50,HRV_pNN20,HRV_TINN,HRV_HTI,HRV_VHF,peak_number,peak_amplitude,signal_power,med_abs_dev,band_power,rms,Label_1
P1,1.0,6.0,CP3,712.3936846328453,1414.5454545454545,512.9255703244289,729.5451942657086,0.3626080510005603,0.5036202140720629,1500.0,385.476,0.256984,550.0,90.9090909090909,95.45454545454544,1398.4375,7.333333333333333,0.0057329632760349,8.0,1.5155160621598014e-05,0.0016047164130929,0.0079897314000001,1.2891304003019177e-05,0.6701174396927029,1
P1,1.0,6.0,CP3,1145.2593800615855,1352.7272727272727,700.8714427202605,1173.527040287404,0.5181173299679345,0.8466299180562797,1320.0,652.3439999999999,0.4942,890.0,95.45454545454544,95.45454545454544,1398.4375,7.333333333333333,0.0016434764991397,8.0,1.5155160621598014e-05,0.0016047164130929,0.0079897314000001,1.2891304003019177e-05,0.6701174396927029,1
P1,1.0,6.0,CP3,763.1513611335565,1400.0,552.8799060159362,780.5931810397234,0.3949142185828115,0.5451081150953975,1580.0,415.128,0.2627392405063291,490.0,86.36363636363636,90.9090909090909,0.0,11.0,0.0041762461018723,8.0,1.5155160621598014e-05,0.0016047164130929,0.0079897314000001,1.2891304003019177e-05,0.6701174396927029,1
P1,1.0,6.0,CP3,760.2004748122445,1361.8181818181818,519.5569207886599,776.6202724749386,0.3815170980424071,0.5582246477259473,1540.0,444.78,0.2888181818181818,600.0,95.45454545454544,95.45454545454544,875.0,11.0,0.0182723369837957,8.0,1.5155160621598014e-05,0.0016047164130929,0.0079897314000001,1.2891304003019177e-05,0.6701174396927029,1
P1,1.0,6.0,CP3,753.2153299909219,1222.4,545.7813970202111,769.2948022400926,0.4464834726932354,0.6161774623616835,1360.0,593.04,0.4360588235294117,920.0,88.0,96.0,78.125,12.5,0.0179647611918146,8.0,1.5155160621598014e-05,0.0016047164130929,0.0079897314000001,1.2891304003019177e-05,0.6701174396927029,1
P1,1.0,6.0,CP3,681.3711665947325,1190.4,493.4612446788501,695.1926018185093,0.4145339757046791,0.5723884127979944,1360.0,474.432,0.3488470588235294,640.0,88.0,92.0,39.0625,8.333333333333334,0.0193269780769499,8.0,1.5155160621598014e-05,0.0016047164130929,0.0079897314000001,1.2891304003019177e-05,0.6701174396927029,1
P1,1.0,6.0,CP3,1070.034538247938,1278.3333333333333,781.301404105977,1093.6655557464023,0.6111875390659534,0.8370543975863923,1460.0,830.256,0.5686684931506849,1220.0,91.66666666666666,91.66666666666666,0.0,8.0,0.0043506358541491,8.0,1.5155160621598014e-05,0.0016047164130929,0.0079897314000001,1.2891304003019177e-05,0.6701174396927029,1
P1,6.0,9.0,CP4,859.5901570488335,1332.7272727272727,608.5594373145393,879.1207728937665,0.456627135774893,0.6449857931471465,1280.0,711.6479999999999,0.5559749999999999,930.0,81.81818181818183,86.36363636363636,234.375,11.0,0.0008919830907579,6.0,0.0001310864791044,0.0015789967483818,0.1343502467999998,0.0018047914391538,1.780252169048913,1
P1,6.0,9.0,CP4,950.1077633114896,1383.6363636363635,618.404594439791,972.0356646406208,0.4469415597133837,0.6866744675707218,1500.0,800.6039999999999,0.533736,1030.0,90.9090909090909,90.9090909090909,0.0,7.333333333333333,0.0039939266863846,6.0,0.0001310864791044,0.0015789967483818,0.1343502467999998,0.0018047914391538,1.780252169048913,1
P1,6.0,9.0,CP4,963.050708253032,1541.0526315789473,615.70099829239,990.295393971042,0.3995327516241602,0.6249304459292216,1840.0,415.128,0.2256130434782608,880.0,89.47368421052632,89.47368421052632,0.0,9.5,0.015643885943983,6.0,0.0001310864791044,0.0015789967483818,0.1343502467999998,0.0018047914391538,1.780252169048913,1
P1,6.0,9.0,CP4,866.8333173107734,1238.4,648.2262979340883,885.4622963519505,0.5234385480733916,0.6999623040300172,1240.0,770.952,0.6217354838709678,920.0,88.0,88.0,78.125,8.333333333333334,0.0083156455776141,6.0,0.0001310864791044,0.0015789967483818,0.1343502467999998,0.0018047914391538,1.780252169048913,1
P1,6.0,9.0,CP4,739.9099044253068,1230.4,655.6706490304412,753.857711557932,0.5328922700182389,0.6013572045069138,1120.0,770.952,0.68835,1160.0,92.0,96.0,0.0,12.5,0.0063480938725123,6.0,0.0001310864791044,0.0015789967483818,0.1343502467999998,0.0018047914391538,1.780252169048913,1
P1,6.0,9.0,CP4,942.7065567682836,1251.6666666666667,621.3006460270448,963.3013065051996,0.4963786785835244,0.7531610307070175,1160.0,563.3879999999999,0.4856793103448275,810.0,95.83333333333334,95.83333333333334,554.6875,12.0,0.0052775973786677,6.0,0.0001310864791044,0.0015789967483818,0.1343502467999998,0.0018047914391538,1.780252169048913,1
P1,6.0,9.0,CP4,753.5352577121953,1128.888888888889,517.9050502028737,768.3284554047282,0.4587741586442778,0.6675017046663148,1040.0,474.432,0.4561846153846153,580.0,85.18518518518519,88.88888888888889,562.5,4.5,0.0122162349694642,6.0,0.0001310864791044,0.0015789967483818,0.1343502467999998,0.0018047914391538,1.780252169048913,1
P1,8.0,6.0,EN4,1197.051934267404,1222.4,886.6476188430215,1222.6794050511492,0.7253334578231524,0.979263689682104,960.0,711.6479999999999,0.7413,840.0,92.0,96.0,78.125,6.25,0.0008694182789172,10.0,0.0010436129585838,0.0003602306788015,0.976047471,0.0380252630738293,3.642466062226227,4
P1,8.0,6.0,EN4,773.6459138391413,1101.5384615384614,542.7315528523641,789.3558555345406,0.4927032253547998,0.7023321843511758,1100.0,563.3879999999999,0.512170909090909,760.0,88.46153846153845,92.3076923076923,1156.25,8.666666666666666,0.0058694133396089,10.0,0.0010436129585838,0.0003602306788015,0.976047471,0.0380252630738293,3.642466062226227,4
P1,8.0,6.0,EN4,853.6978388165218,1302.608695652174,583.6345166385019,871.8810832771998,0.448050530129691,0.6553755104399199,1280.0,355.824,0.2779874999999999,500.0,91.30434782608695,95.65217391304348,1000.0,7.666666666666667,0.0045838175048273,10.0,0.0010436129585838,0.0003602306788015,0.976047471,0.0380252630738293,3.642466062226227,4
P1,8.0,6.0,EN4,880.1239582116724,1339.1304347826087,660.673988119008,899.2175530939151,0.4933604456732851,0.6572354233398852,1240.0,770.952,0.6217354838709678,1040.0,91.30434782608695,95.65217391304348,39.0625,7.666666666666667,0.0064372403160711,10.0,0.0010436129585838,0.0003602306788015,0.976047471,0.0380252630738293,3.642466062226227,4
P1,8.0,6.0,EN4,656.6807669100943,1080.0,461.8802153517006,668.6977606936449,0.4276668660663894,0.6080377471389763,1120.0,622.692,0.555975,700.0,96.42857142857144,96.42857142857144,476.5625,9.333333333333334,0.0623171992089056,10.0,0.0010436129585838,0.0003602306788015,0.976047471,0.0380252630738293,3.642466062226227,4
P1,8.0,6.0,EN4,786.6807908336561,1177.6,528.4038859307024,802.6459865408566,0.4487125390036535,0.6680373563465152,1240.0,770.952,0.6217354838709678,680.0,88.0,88.0,1437.5,8.333333333333334,0.0401045823802375,10.0,0.0010436129585838,0.0003602306788015,0.976047471,0.0380252630738293,3.642466062226227,4
P1,8.0,6.0,EN4,1107.859368761388,1374.5454545454545,682.5772398136993,1135.176092905749,0.4965839707639347,0.8059823449983643,1360.0,622.692,0.4578617647058823,860.0,90.9090909090909,95.45454545454544,0.0,11.0,0.0011786681460178,10.0,0.0010436129585838,0.0003602306788015,0.976047471,0.0380252630738293,3.642466062226227,4
P1,7.0,3.0,EP4,900.2044212288673,1167.6923076923076,585.6982683416961,918.6744073210411,0.5015861323084354,0.7709260524357889,1140.0,741.3,0.6502631578947368,990.0,80.76923076923077,92.3076923076923,476.5625,8.666666666666666,0.0406907926089327,6.0,0.0001437512044838,0.0002425044006474,0.1678481112000001,0.0016624320546268,1.4938041733160603,3
P1,7.0,3.0,EP4,944.6390089038548,1341.8181818181818,697.2847772654014,960.8567605453552,0.5196566768238087,0.7039992613782116,1200.0,681.996,0.56833,920.0,95.45454545454544,95.45454545454544,718.75,11.0,0.0030918812189452,6.0,0.0001437512044838,0.0002425044006474,0.1678481112000001,0.0016624320546268,1.4938041733160603,3
P1,7.0,3.0,EP4,1866.4009835989016,1490.0,1137.4486685930976,1916.9542118403344,0.763388368183287,1.2526181097979203,1520.0,1008.168,0.6632684210526315,1080.0,95.0,95.0,320.3125,6.666666666666667,0.000779143161205,6.0,0.0001437512044838,0.0002425044006474,0.1678481112000001,0.0016624320546268,1.4938041733160603,3
P1,7.0,3.0,EP4,739.8498346136043,1071.428571428571,477.8169050054578,752.6712164776598,0.4459624446717606,0.6905265123060308,1000.0,504.084,0.504084,600.0,96.42857142857144,96.42857142857144,195.3125,9.333333333333334,0.0648062990388934,6.0,0.0001437512044838,0.0002425044006474,0.1678481112000001,0.0016624320546268,1.4938041733160603,3
P1,7.0,3.0,EP4,849.4704232638121,1451.428571428571,615.1608384340287,869.3615322086724,0.4238312863226576,0.5852650553982958,1400.0,652.3439999999999,0.4659599999999999,760.0,95.23809523809524,95.23809523809524,320.3125,10.5,0.0064127039690262,6.0,0.0001437512044838,0.0002425044006474,0.1678481112000001,0.0016624320546268,1.4938041733160603,3
P1,7.0,3.0,EP4,983.9554974960156,1486.0,725.7402754211874,1010.0825048809955,0.4883851113197762,0.662150402083456,1640.0,889.56,0.5424146341463414,1030.0,90.0,95.0,0.0,10.0,0.001955855105061,6.0,0.0001437512044838,0.0002425044006474,0.1678481112000001,0.0016624320546268,1.4938041733160603,3
P1,7.0,3.0,EP4,1221.037809952392,1555.7894736842106,819.8530748417581,1256.385520118486,0.5269691617724426,0.7848348575472072,1400.0,830.256,0.59304,1120.0,94.73684210526316,94.73684210526316,203.125,9.5,0.0002731137486934,6.0,0.0001437512044838,0.0002425044006474,0.1678481112000001,0.0016624320546268,1.4938041733160603,3
P10,7.0,2.0,CN3,995.5500991913968,1447.6190476190477,672.1451090494132,1019.6779677401768,0.4643107661196604,0.6877155290466885,1720.0,474.432,0.2758325581395348,1120.0,95.23809523809524,95.23809523809524,156.25,10.5,0.0045212875004526,14.0,5.920763944130071e-07,9.304035438341748e-06,0.0067310039999999,2.119216782216225e-06,0.2954335393206772,2
P10,7.0,2.0,CN3,1325.2546925025392,1757.6470588235295,907.7962974407084,1368.6952424359,0.516483837231996,0.7539936336192492,1880.0,770.952,0.4100808510638298,1000.0,94.11764705882352,94.11764705882352,0.0,17.0,0.0004000959015636,14.0,5.920763944130071e-07,9.304035438341748e-06,0.0067310039999999,2.119216782216225e-06,0.2954335393206772,2
P10,7.0,2.0,CN3,604.708795431923,1269.5652173913045,522.959048117446,618.5361856730882,0.4119197981747006,0.4763117224292544,1160.0,533.736,0.4601172413793103,880.0,95.65217391304348,95.65217391304348,640.625,11.5,0.0009998638273538,14.0,5.920763944130071e-07,9.304035438341748e-06,0.0067310039999999,2.119216782216225e-06,0.2954335393206772,2
P10,7.0,2.0,CN3,1076.4855097174225,1526.0,856.2611505228629,1105.930848170749,0.5611147775379179,0.7054295607584682,1260.0,415.128,0.3294666666666666,700.0,85.0,90.0,1078.125,10.0,0.0003480554693384,14.0,5.920763944130071e-07,9.304035438341748e-06,0.0067310039999999,2.119216782216225e-06,0.2954335393206772,2
P10,7.0,2.0,CN3,1713.3203631156275,1528.421052631579,1037.2252683529944,1762.9683821157626,0.6786253477516148,1.1209740667767536,1240.0,889.56,0.7173870967741935,1100.0,94.73684210526316,94.73684210526316,0.0,9.5,0.0011158432649133,14.0,5.920763944130071e-07,9.304035438341748e-06,0.0067310039999999,2.119216782216225e-06,0.2954335393206772,2
P10,7.0,2.0,CN3,1097.4394440393207,1800.0,804.6531343794459,1133.5103503213877,0.4470295190996921,0.6096885800218449,1600.0,741.3,0.4633124999999999,1000.0,93.75,93.75,0.0,16.0,0.0002124289570949,14.0,5.920763944130071e-07,9.304035438341748e-06,0.0067310039999999,2.119216782216225e-06,0.2954335393206772,2
P10,7.0,2.0,CN3,1316.6286914354826,1589.4736842105262,955.15835617981,1348.2925537350995,0.6009274426296819,0.8283425542143765,1120.0,652.3439999999999,0.5824499999999999,1160.0,89.47368421052632,94.73684210526316,398.4375,6.333333333333333,0.000603037197736,14.0,5.920763944130071e-07,9.304035438341748e-06,0.0067310039999999,2.119216782216225e-06,0.2954335393206772,2
P10,3.0,7.0,CP4,870.0393215554292,1494.0,791.137754988612,892.7256377675536,0.5295433433658715,0.582355636917958,1340.0,859.9079999999999,0.6417223880597014,1050.0,90.0,90.0,0.0,10.0,0.0015479935462942,3.0,1.0926986922119446e-05,0.0018219885089005,0.0107577456,1.2511144193642425e-05,0.3933563225262754,1
P10,3.0,7.0,CP4,1320.6059215375342,1470.4761904761904,909.9366801622856,1354.8882261143012,0.6188040894886011,0.898080451822805,1280.0,770.952,0.60230625,920.0,95.23809523809524,95.23809523809524,0.0,10.5,0.0001548356668558,3.0,1.0926986922119446e-05,0.0018219885089005,0.0107577456,1.2511144193642425e-05,0.3933563225262754,1
P10,3.0,7.0,CP4,1530.9082271645157,1365.7142857142858,1065.7793928790863,1570.4159690316046,0.7803824006436825,1.1209579069196245,1080.0,770.952,0.7138444444444444,1000.0,90.47619047619048,90.47619047619048,78.125,10.5,0.0006048022363009,3.0,1.0926986922119446e-05,0.0018219885089005,0.0107577456,1.2511144193642425e-05,0.3933563225262754,1
P10,3.0,7.0,CP4,989.8025514763492,1320.0,622.1370793117426,1013.0524787370714,0.4713159691755625,0.7498504177851131,1000.0,474.432,0.4744319999999999,720.0,91.30434782608695,91.30434782608695,320.3125,7.666666666666667,0.004822154354152,3.0,1.0926986922119446e-05,0.0018219885089005,0.0107577456,1.2511144193642425e-05,0.3933563225262754,1
P10,3.0,7.0,CP4,1266.584104636422,1680.0,1037.9164649601114,1292.830911103955,0.6178074196191139,0.7539191099026322,1220.0,563.3879999999999,0.4617934426229507,1000.0,83.33333333333334,94.44444444444444,718.75,9.0,0.0005714852769595,3.0,1.0926986922119446e-05,0.0018219885089005,0.0107577456,1.2511144193642425e-05,0.3933563225262754,1
P10,3.0,7.0,CP4,1371.1309200802089,1520.0,977.9690840776944,1403.9565939326824,0.6434007132090095,0.9020598158422428,1400.0,830.256,0.59304,930.0,94.44444444444444,94.44444444444444,476.5625,9.0,0.0016380172478374,3.0,1.0926986922119446e-05,0.0018219885089005,0.0107577456,1.2511144193642425e-05,0.3933563225262754,1
P10,3.0,7.0,CP4,926.4049260212954,1270.0,609.4045561394157,946.4892483452736,0.4798461071963903,0.7294526976545633,1100.0,563.3879999999999,0.512170909090909,740.0,91.66666666666666,95.83333333333334,1078.125,6.0,0.0310248102497239,3.0,1.0926986922119446e-05,0.0018219885089005,0.0107577456,1.2511144193642425e-05,0.3933563225262754,1
P10,4.0,7.0,EN3,1062.6113387042587,1792.0,830.7242967091171,1091.0384205722708,0.4635738262885698,0.5929750774019301,1600.0,533.736,0.333585,960.0,86.66666666666667,93.33333333333331,0.0,7.5,0.0007204483846216,8.0,1.3262675028987775e-06,4.718902986461591e-05,0.0083188686,6.031470534713086e-06,0.2974378036175431,4
P10,4.0,7.0,EN3,1159.74135047432,1774.1176470588234,949.835899139487,1178.9147551880076,0.5353849564115146,0.653700363331016,1480.0,889.56,0.601054054054054,1040.0,94.11764705882352,94.11764705882352,242.1875,8.5,0.0003241867269261,8.0,1.3262675028987775e-06,4.718902986461591e-05,0.0083188686,6.031470534713086e-06,0.2974378036175431,4
P10,4.0,7.0,EN3,2022.8540386143688,1968.571428571429,1390.2675843318636,2105.392344214475,0.7062317191816433,1.027574620486254,1580.0,1037.82,0.6568481012658227,1200.0,92.85714285714286,92.85714285714286,242.1875,7.0,0.0001186679951135,8.0,1.3262675028987775e-06,4.718902986461591e-05,0.0083188686,6.031470534713086e-06,0.2974378036175431,4
P10,4.0,7.0,EN3,2098.0535196768865,1904.0,1544.6719485286928,2154.4495230227017,0.8112772838911202,1.101918865376516,1240.0,889.56,0.7173870967741935,1780.0,86.66666666666667,93.33333333333331,0.0,15.0,0.0015891238590589,8.0,1.3262675028987775e-06,4.718902986461591e-05,0.0083188686,6.031470534713086e-06,0.2974378036175431,4
P10,4.0,7.0,EN3,1853.0515373297096,1788.235294117647,1231.9711608542104,1910.748544419176,0.6889312412671571,1.0362459254804297,1480.0,1126.7759999999998,0.7613351351351351,1200.0,82.35294117647058,88.23529411764706,0.0,8.5,0.0002264239054211,8.0,1.3262675028987775e-06,4.718902986461591e-05,0.0083188686,6.031470534713086e-06,0.2974378036175431,4
P10,4.0,7.0,EN3,1128.0537501191577,1304.0,741.3671581327936,1158.9630372179377,0.5685330967276024,0.8650718942631576,1120.0,711.6479999999999,0.6354,970.0,95.0,95.0,78.125,10.0,0.0080121724057068,8.0,1.3262675028987775e-06,4.718902986461591e-05,0.0083188686,6.031470534713086e-06,0.2974378036175431,4
P10,4.0,7.0,EN3,1341.7035518521338,1378.0,900.5705793667993,1378.087495843,0.6535345278423798,0.9736600521423322,1260.0,919.212,0.7295333333333334,1200.0,80.0,85.0,78.125,10.0,0.0051140101499216,8.0,1.3262675028987775e-06,4.718902986461591e-05,0.0083188686,6.031470534713086e-06,0.2974378036175431,4
P10,6.0,3.0,EP1,1202.2723582988224,1597.7777777777778,984.1541937746256,1219.8987421816903,0.6159518598033121,0.7524653146515577,1360.0,830.256,0.6104823529411765,1010.0,83.33333333333334,88.88888888888889,242.1875,9.0,0.0055349534152838,5.0,1.025117285930173e-05,0.0008452311312676,0.013469421,2.169043234195808e-05,0.3157033429480718,3
P10,6.0,3.0,EP1,1732.260740398879,1953.3333333333333,1767.9023694420423,1781.0885333515469,0.905069472410602,0.8868229046410644,1220.0,770.952,0.631927868852459,1390.0,75.0,83.33333333333334,320.3125,4.0,0.0012916482074475,5.0,1.025117285930173e-05,0.0008452311312676,0.013469421,2.169043234195808e-05,0.3157033429480718,3
P10,6.0,3.0,EP1,2524.498149948007,2143.333333333333,1584.6039558734217,2646.922054696051,0.7393175532846445,1.17783739499907,1240.0,533.736,0.4304322580645161,2180.0,83.33333333333334,83.33333333333334,156.25,6.0,0.0002032343014,5.0,1.025117285930173e-05,0.0008452311312676,0.013469421,2.169043234195808e-05,0.3157033429480718,3
P10,6.0,3.0,EP1,2279.1226382097125,1846.1538461538464,1758.548352389637,2380.303011014023,0.9525470242110536,1.2345247623635942,1320.0,770.952,0.5840545454545455,1240.0,84.61538461538461,92.3076923076923,0.0,13.0,2.9177542538863023e-05,5.0,1.025117285930173e-05,0.0008452311312676,0.013469421,2.169043234195808e-05,0.3157033429480718,3
P10,6.0,3.0,EP1,1680.4395029506188,2000.0,1436.4057708257574,1710.5284833371506,0.7182028854128787,0.8402197514753094,1720.0,563.3879999999999,0.3275511627906976,760.0,85.71428571428571,85.71428571428571,0.0,7.0,0.0001654273490706,5.0,1.025117285930173e-05,0.0008452311312676,0.013469421,2.169043234195808e-05,0.3157033429480718,3
P10,6.0,3.0,EP1,2394.393451377613,2552.7272727272725,2050.702762026184,2519.3438299155064,0.8033379765772088,0.9379746426336806,1960.0,1482.6,0.7564285714285713,2260.0,90.9090909090909,90.9090909090909,0.0,11.0,0.000555123422631,5.0,1.025117285930173e-05,0.0008452311312676,0.013469421,2.169043234195808e-05,0.3157033429480718,3
P10,6.0,3.0,EP1,1752.6208945462222,1827.5,1049.6697893464718,1811.5607582834148,0.5743747137326796,0.9590264812838424,1380.0,533.736,0.3867652173913043,1600.0,93.75,93.75,320.3125,8.0,0.0005568043331546,5.0,1.025117285930173e-05,0.0008452311312676,0.013469421,2.169043234195808e-05,0.3157033429480718,3
P11,4.0,9.0,CN4,780.2807797441221,1340.0,518.1285003328256,799.1471644673405,0.3866630599498699,0.5822990893612852,1480.0,415.128,0.2804918918918919,870.0,81.81818181818183,90.9090909090909,1000.0,3.6666666666666665,0.0070243453149756,7.0,0.0641501788038577,0.0019637698466026,29.48681463839999,262.2497979950576,87.45294915635681,2
P11,4.0,9.0,CN4,648.3826030978931,1415.2380952380952,546.7688638503389,665.0714247357197,0.3863440828013835,0.4581438312602879,1520.0,593.04,0.3901578947368421,920.0,95.23809523809524,95.23809523809524,1515.625,7.0,0.0060115047947127,7.0,0.0641501788038577,0.0019637698466026,29.48681463839999,262.2497979950576,87.45294915635681,2
P11,4.0,9.0,CN4,804.3726652587,1109.6296296296296,561.601292195817,820.2783767628008,0.5061159842886201,0.724901934645691,1000.0,652.3439999999999,0.6523439999999999,780.0,92.5925925925926,96.29629629629628,359.375,9.0,0.0117747025625984,7.0,0.0641501788038577,0.0019637698466026,29.48681463839999,262.2497979950576,87.45294915635681,2
P11,4.0,9.0,CN4,762.3761481738184,1261.6666666666667,534.3152193445255,779.1674892374457,0.4234995133510109,0.6042611478260119,1380.0,563.3879999999999,0.4082521739130434,1050.0,83.33333333333334,95.83333333333334,1320.3125,6.0,0.0244252786583333,7.0,0.0641501788038577,0.0019637698466026,29.48681463839999,262.2497979950576,87.45294915635681,2
P11,4.0,9.0,CN4,706.9524865093963,1293.9130434782608,575.0710559292555,723.5889388188244,0.4444433563969381,0.546367849116805,1480.0,711.6479999999999,0.4808432432432432,1040.0,86.95652173913044,91.30434782608695,1000.0,4.6,0.0072564760378472,7.0,0.0641501788038577,0.0019637698466026,29.48681463839999,262.2497979950576,87.45294915635681,2
P11,4.0,9.0,CN4,750.2295944872106,1600.0,527.1305973538879,771.9798839195686,0.3294566233461799,0.4688934965545066,1720.0,355.824,0.2068744186046511,500.0,89.47368421052632,94.73684210526316,1476.5625,3.8,0.000314167948431,7.0,0.0641501788038577,0.0019637698466026,29.48681463839999,262.2497979950576,87.45294915635681,2
P11,4.0,9.0,CN4,709.7887009526145,1736.470588235294,486.2219294785894,733.0666181641793,0.2800058536970196,0.4087536556976438,1720.0,355.824,0.2068744186046511,440.0,94.11764705882352,94.11764705882352,1281.25,4.25,0.0027388890143,7.0,0.0641501788038577,0.0019637698466026,29.48681463839999,262.2497979950576,87.45294915635681,2
P11,2.0,4.0,CP3,801.6174126043397,1352.7272727272727,538.0226744928119,820.8195672038783,0.3977318158212991,0.5925935173822404,1420.0,444.78,0.313225352112676,630.0,90.9090909090909,90.9090909090909,1242.1875,4.4,0.010824839962651,10.0,0.0096594307689849,0.0024403316101255,6.866022899400005,11.8924796309849,40.165769946465815,1
P11,2.0,4.0,CP3,577.614140441606,1372.7272727272727,455.9676452408586,590.9475844937922,0.3321618607714864,0.4207785129044811,1460.0,385.476,0.2640246575342466,660.0,81.81818181818183,90.9090909090909,718.75,7.333333333333333,0.0012552870464032,10.0,0.0096594307689849,0.0024403316101255,6.866022899400005,11.8924796309849,40.165769946465815,1
P11,2.0,4.0,CP3,1027.889352867871,1268.3333333333333,613.526277150069,1050.9908744522086,0.483726368318057,0.8104252453623162,1460.0,711.6479999999999,0.4874301369863013,1040.0,87.5,91.66666666666666,1359.375,4.8,0.0087202380470822,10.0,0.0096594307689849,0.0024403316101255,6.866022899400005,11.8924796309849,40.165769946465815,1
P11,2.0,4.0,CP3,857.5313405351434,1428.571428571429,587.3524130731543,879.4639515666706,0.4111466891512079,0.6002719383746004,1560.0,474.432,0.3041230769230769,680.0,90.47619047619048,90.47619047619048,1281.25,5.25,0.0125697611989136,10.0,0.0096594307689849,0.0024403316101255,6.866022899400005,11.8924796309849,40.165769946465815,1
P11,2.0,4.0,CP3,779.1081592497436,1376.3636363636365,575.6532145108054,797.658478058779,0.4182420977291188,0.5660627312910952,1600.0,504.084,0.3150524999999999,680.0,86.36363636363636,90.9090909090909,1281.25,4.4,0.0035189254932289,10.0,0.0096594307689849,0.0024403316101255,6.866022899400005,11.8924796309849,40.165769946465815,1
P11,2.0,4.0,CP3,941.0447478155884,1236.6666666666667,637.7042156569664,961.957819163503,0.5156637862455253,0.7609526262659744,1380.0,593.04,0.4297391304347825,1090.0,95.83333333333334,95.83333333333334,1039.0625,4.8,0.0065984310450071,10.0,0.0096594307689849,0.0024403316101255,6.866022899400005,11.8924796309849,40.165769946465815,1
P11,2.0,4.0,CP3,826.9175246616754,1098.571428571429,587.4219524877753,842.1814030655839,0.5347143910811999,0.752720763671226,980.0,741.3,0.7564285714285713,980.0,85.71428571428571,92.85714285714286,39.0625,9.333333333333334,0.0108844446435011,10.0,0.0096594307689849,0.0024403316101255,6.866022899400005,11.8924796309849,40.165769946465815,1
P11,3.0,2.0,EN3,933.2251019497336,1346.0869565217392,582.7344563695511,954.6622892835386,0.4329099643572247,0.6932873819394016,1480.0,652.3439999999999,0.4407729729729729,840.0,95.65217391304348,95.65217391304348,78.125,7.666666666666667,0.0016317973699213,8.0,4.963293260582669,0.004699264210001,66.3513508098,2024299.1296310103,3261.254071355333,4
P11,3.0,2.0,EN3,817.0785710715634,1260.0,545.016952269257,835.2131630116854,0.4325531367216325,0.6484750564060027,1300.0,652.3439999999999,0.5018030769230769,1010.0,95.83333333333334,95.83333333333334,39.0625,6.0,0.0095338265539387,8.0,4.963293260582669,0.004699264210001,66.3513508098,2024299.1296310103,3261.254071355333,4
P11,3.0,2.0,EN3,822.5901442726781,1314.7826086956522,515.4068963204738,841.9478549626399,0.3920092134712598,0.6256472658158596,1480.0,355.824,0.2404216216216216,760.0,86.95652173913044,95.65217391304348,0.0,5.75,0.0045652457609346,8.0,4.963293260582669,0.004699264210001,66.3513508098,2024299.1296310103,3261.254071355333,4
P11,3.0,2.0,EN3,509.72759609640735,1589.4736842105262,460.6936037012323,523.062875036864,0.2898403466994508,0.3206895472129715,1720.0,355.824,0.2068744186046511,460.0,84.21052631578947,89.47368421052632,1242.1875,3.8,0.0037991287969383,8.0,4.963293260582669,0.004699264210001,66.3513508098,2024299.1296310103,3261.254071355333,4
P11,3.0,2.0,EN3,835.1789086919098,1383.6363636363635,545.0604637018806,855.694649587885,0.3939333180499794,0.6036115634435616,1520.0,474.432,0.3121263157894736,680.0,81.81818181818183,86.36363636363636,1281.25,5.5,0.0344897385781364,8.0,4.963293260582669,0.004699264210001,66.3513508098,2024299.1296310103,3261.254071355333,4
P11,3.0,2.0,EN3,647.2318679647124,1335.6521739130435,489.7107317493807,662.4629369686601,0.3666454046300701,0.4845811511454552,1440.0,415.128,0.2882833333333333,600.0,86.95652173913044,95.65217391304348,0.0,7.666666666666667,0.0048965946637032,8.0,4.963293260582669,0.004699264210001,66.3513508098,2024299.1296310103,3261.254071355333,4
P11,3.0,2.0,EN3,673.7952211169206,1333.3333333333333,514.0168609426478,689.3933259720004,0.3855126457069858,0.5053464158376905,1480.0,355.824,0.2404216216216216,480.0,90.47619047619048,90.47619047619048,1039.0625,3.5,0.0128155858620203,8.0,4.963293260582669,0.004699264210001,66.3513508098,2024299.1296310103,3261.254071355333,4
P11,3.0,8.0,EP1,785.9824559445533,1550.0,548.433174934213,807.4159199794473,0.3538278547962664,0.5070854554480989,1520.0,355.824,0.2340947368421052,360.0,80.0,90.0,1039.0625,5.0,0.006517547366644,8.0,6.285551434353488,0.0057427741767854,0.0,7707261.118036573,7300.596143562026,3
P11,3.0,8.0,EP1,773.0212835115892,1409.090909090909,576.8791991306416,792.1086986494912,0.4093981413185198,0.5485957495888698,1500.0,622.692,0.415128,800.0,90.9090909090909,95.45454545454544,78.125,11.0,0.0068379338352745,8.0,6.285551434353488,0.0057427741767854,0.0,7707261.118036573,7300.596143562026,3
P11,3.0,8.0,EP1,617.7069732178072,1318.1818181818182,550.5982578599768,632.3711990068281,0.417695230100672,0.468605290027302,1500.0,652.3439999999999,0.4348959999999999,960.0,86.36363636363636,90.9090909090909,320.3125,7.333333333333333,0.0005645862290657,8.0,6.285551434353488,0.0057427741767854,0.0,7707261.118036573,7300.596143562026,3
P11,3.0,8.0,EP1,651.5436216471549,1259.1304347826087,588.9737842867669,666.5618965293185,0.4677623286807886,0.5174552243744669,1440.0,770.952,0.5353833333333333,1160.0,78.26086956521739,82.6086956521739,39.0625,5.75,0.0036693359330336,8.0,6.285551434353488,0.0057427741767854,0.0,7707261.118036573,7300.596143562026,3
P11,3.0,8.0,EP1,832.9705877160369,1417.142857142857,597.8055106566253,853.8975656550257,0.421838565987538,0.5877816647189776,1480.0,711.6479999999999,0.4808432432432432,960.0,90.47619047619048,95.23809523809524,1515.625,5.25,0.0029240377316903,8.0,6.285551434353488,0.0057427741767854,0.0,7707261.118036573,7300.596143562026,3
P11,3.0,8.0,EP1,759.8245411496877,1538.9473684210527,510.2275607439194,781.8496587508937,0.3315432166256658,0.493730036998771,1680.0,415.128,0.2471,500.0,89.47368421052632,94.73684210526316,1476.5625,6.333333333333333,0.0023356896409828,8.0,6.285551434353488,0.0057427741767854,0.0,7707261.118036573,7300.596143562026,3
P11,3.0,8.0,EP1,959.6824871750428,1338.1818181818182,602.1836167026701,983.3121870204076,0.4500013440033539,0.7171540325356978,1480.0,711.6479999999999,0.4808432432432432,1140.0,86.36363636363636,86.36363636363636,0.0,4.4,0.0052994111586009,8.0,6.285551434353488,0.0057427741767854,0.0,7707261.118036573,7300.596143562026,3
kingatest,5.0,3.0,CN2,781.9974424510607,1163.076923076923,517.7085607232643,798.0409346226128,0.4451197942726479,0.6723522984036897,1100.0,326.172,0.2965199999999999,460.0,88.46153846153845,92.3076923076923,515.625,8.666666666666666,0.004387420818801,7.0,7.07665019573202e-05,0.000703118617665,0.1017597336000002,0.0003414112451463,2.0705243547955248,2
kingatest,5.0,3.0,CN2,1125.9129628883395,1388.571428571429,769.2222417109747,1155.045681484412,0.5539666349770394,0.8108426687467467,1280.0,474.432,0.37065,640.0,80.95238095238095,90.47619047619048,875.0,7.0,0.0004043243857556,7.0,7.07665019573202e-05,0.000703118617665,0.1017597336000002,0.0003414112451463,2.0705243547955248,2
kingatest,5.0,3.0,CN2,742.8265641102411,1238.3333333333333,578.8719665203943,757.8876406759302,0.4674605382398877,0.5998599440997909,1200.0,504.084,0.4200699999999999,610.0,87.5,95.83333333333334,117.1875,12.0,0.0024811302667915,7.0,7.07665019573202e-05,0.000703118617665,0.1017597336000002,0.0003414112451463,2.0705243547955248,2
kingatest,5.0,3.0,CN2,1433.3798442066145,1595.7894736842106,1026.1379363065598,1474.3612774590183,0.6430283901657201,0.8982261556703717,1280.0,533.736,0.4169812499999999,920.0,89.47368421052632,94.73684210526316,0.0,9.5,6.277662868771882e-05,7.0,7.07665019573202e-05,0.000703118617665,0.1017597336000002,0.0003414112451463,2.0705243547955248,2
kingatest,5.0,3.0,CN2,618.5025905729535,1323.4782608695652,429.4458236087758,632.8825007379014,0.3244827182326492,0.4673311295393538,1360.0,355.824,0.261635294117647,580.0,82.6086956521739,95.65217391304348,398.4375,11.5,0.0230333153507077,7.0,7.07665019573202e-05,0.000703118617665,0.1017597336000002,0.0003414112451463,2.0705243547955248,2
kingatest,5.0,3.0,CN2,975.6228779605366,1396.190476190476,629.7815191832498,1000.8922335386036,0.4510713473004176,0.6987749125911074,1400.0,237.216,0.1694399999999999,400.0,90.47619047619048,95.23809523809524,1156.25,7.0,0.0003167721996839,7.0,7.07665019573202e-05,0.000703118617665,0.1017597336000002,0.0003414112451463,2.0705243547955248,2
kingatest,5.0,3.0,CN2,722.9889649768252,1240.0,499.0425615725272,739.2037164323186,0.4024536786875219,0.5830556169167945,1220.0,415.128,0.3402688524590164,520.0,91.66666666666666,95.83333333333334,796.875,12.0,0.0149628995485542,7.0,7.07665019573202e-05,0.000703118617665,0.1017597336000002,0.0003414112451463,2.0705243547955248,2
kingatest,1.0,7.0,CP3,1034.9106241603668,1660.0,753.3038342306951,1070.4338239370854,0.4537974905004187,0.6234401350363655,1480.0,563.3879999999999,0.3806675675675675,820.0,93.75,93.75,320.3125,8.0,0.000174324032351,6.0,5.276864766459924e-05,0.0003088040883572,0.1814643095999996,0.0012473639180104,2.35460087155346,1
kingatest,1.0,7.0,CP3,614.6614479957027,1268.3333333333333,409.3650084520263,628.3525105148827,0.3227582195416765,0.4846213781832084,1320.0,296.52,0.2246363636363636,480.0,91.66666666666666,95.83333333333334,1156.25,8.0,0.0255091614757511,6.0,5.276864766459924e-05,0.0003088040883572,0.1814643095999996,0.0012473639180104,2.35460087155346,1
kingatest,1.0,7.0,CP3,659.3660867557842,1323.4782608695652,421.411143396394,674.626078891371,0.318411836337617,0.4982069643686936,1360.0,355.824,0.261635294117647,460.0,86.95652173913044,91.30434782608695,1039.0625,7.666666666666667,0.0113577599206468,6.0,5.276864766459924e-05,0.0003088040883572,0.1814643095999996,0.0012473639180104,2.35460087155346,1
kingatest,1.0,7.0,CP3,1122.6159925222278,1369.090909090909,679.2636706015818,1148.534469909993,0.4961421232813678,0.819971840487683,1340.0,415.128,0.3097970149253731,500.0,90.9090909090909,95.45454545454544,1039.0625,7.333333333333333,0.0018416037288866,6.0,5.276864766459924e-05,0.0003088040883572,0.1814643095999996,0.0012473639180104,2.35460087155346,1
kingatest,1.0,7.0,CP3,769.5020034628457,1185.6,534.2758338785937,785.5801880674295,0.4506375117059664,0.649040151368797,1280.0,415.128,0.32431875,640.0,92.0,92.0,1117.1875,6.25,0.0191551488489747,6.0,5.276864766459924e-05,0.0003088040883572,0.1814643095999996,0.0012473639180104,2.35460087155346,1
kingatest,1.0,7.0,CP3,670.0551567173245,1260.0,484.9025002849632,684.3663582124449,0.3848432541944152,0.5317898069185115,1420.0,355.824,0.2505802816901408,550.0,91.66666666666666,95.83333333333334,718.75,12.0,0.0074292439452559,6.0,5.276864766459924e-05,0.0003088040883572,0.1814643095999996,0.0012473639180104,2.35460087155346,1
kingatest,1.0,7.0,CP3,670.3431956841212,1449.5238095238096,480.3173554065706,687.3871199197574,0.3313621702870559,0.462457526588914,1440.0,296.52,0.2059166666666666,360.0,90.47619047619048,95.23809523809524,953.125,7.0,0.0083418316006808,6.0,5.276864766459924e-05,0.0003088040883572,0.1814643095999996,0.0012473639180104,2.35460087155346,1
kingatest,1.0,5.0,EN2,1774.406280156499,1715.5555555555557,1289.4422972388088,1813.822742490696,0.7516179193749533,1.0343041788477,1220.0,504.084,0.413183606557377,1080.0,94.44444444444444,94.44444444444444,593.75,9.0,0.0002711645123933,7.0,3.6313438868038417e-05,0.0009474225833194,0.0448901628,0.0006212054727804,1.7330516179984876,4
kingatest,1.0,5.0,EN2,1583.46455596581,1407.6190476190477,1041.3544293942612,1624.2685803316615,0.7397984782570867,1.124924075618471,1240.0,415.128,0.3347806451612903,520.0,90.47619047619048,95.23809523809524,117.1875,10.5,0.0006068216262336,7.0,3.6313438868038417e-05,0.0009474225833194,0.0448901628,0.0006212054727804,1.7330516179984876,4
kingatest,1.0,5.0,EN2,674.0919818541087,1378.0,487.3947929661604,689.517163041396,0.3536972372758784,0.4891814091829526,1340.0,474.432,0.3540537313432835,720.0,95.0,95.0,1242.1875,6.666666666666667,0.0021057110348981,7.0,3.6313438868038417e-05,0.0009474225833194,0.0448901628,0.0006212054727804,1.7330516179984876,4
kingatest,1.0,5.0,EN2,666.8787541429647,1269.5652173913045,595.1583308122116,681.8386144124547,0.4687890961877009,0.5252812104550749,1160.0,593.04,0.5112413793103447,760.0,69.56521739130434,78.26086956521739,523.4375,5.75,0.0003110110060806,7.0,3.6313438868038417e-05,0.0009474225833194,0.0448901628,0.0006212054727804,1.7330516179984876,4
kingatest,1.0,5.0,EN2,741.1048263480435,1351.304347826087,547.1189362787425,758.50844750409,0.4048820957017721,0.5484366475548584,1240.0,652.3439999999999,0.5260838709677419,680.0,95.65217391304348,95.65217391304348,1476.5625,7.666666666666667,0.0025370912540656,7.0,3.6313438868038417e-05,0.0009474225833194,0.0448901628,0.0006212054727804,1.7330516179984876,4
kingatest,1.0,5.0,EN2,1089.70944139558,1616.842105263158,970.801802816042,1112.5922154628338,0.6004308025229426,0.6739739383631517,1280.0,652.3439999999999,0.50964375,1120.0,84.21052631578947,94.73684210526316,0.0,9.5,8.483036032017123e-05,7.0,3.6313438868038417e-05,0.0009474225833194,0.0448901628,0.0006212054727804,1.7330516179984876,4
kingatest,1.0,5.0,EN2,1005.226342671142,1436.190476190476,687.8261131309002,1030.063871295061,0.4789240177635578,0.6999255038492699,1280.0,474.432,0.37065,720.0,95.23809523809524,95.23809523809524,796.875,7.0,0.0006548961075065,7.0,3.6313438868038417e-05,0.0009474225833194,0.0448901628,0.0006212054727804,1.7330516179984876,4
kingatest,3.0,5.0,EP1,1428.1209373735496,1513.3333333333333,949.674866962992,1471.7856301705324,0.6275384583455894,0.9436922493657818,1280.0,622.692,0.486478125,770.0,94.44444444444444,94.44444444444444,0.0,9.0,0.0001799344642537,5.0,3.6911717393832205e-05,0.0011955134943396,0.0522468239999999,0.0005524748950837,1.899820936155452,3
kingatest,3.0,5.0,EP1,771.4402115523924,1340.952380952381,576.9740441467428,790.0726149172019,0.4302718368992045,0.5752927713991562,1240.0,711.6479999999999,0.5739096774193547,640.0,85.71428571428571,95.23809523809524,757.8125,7.0,0.0020827357760901,5.0,3.6911717393832205e-05,0.0011955134943396,0.0522468239999999,0.0005524748950837,1.899820936155452,3
kingatest,3.0,5.0,EP1,582.5282228654528,1253.3333333333333,414.9663859269512,595.609761624415,0.331090201537461,0.4647831565415847,1360.0,266.868,0.1962264705882352,430.0,91.66666666666666,95.83333333333334,39.0625,12.0,0.008150154970784,5.0,3.6911717393832205e-05,0.0011955134943396,0.0522468239999999,0.0005524748950837,1.899820936155452,3
kingatest,3.0,5.0,EP1,731.9776665635544,1293.3333333333333,522.2914950457277,748.4286569509846,0.4038336301899957,0.5659621133223359,1280.0,504.084,0.3938156249999999,730.0,91.66666666666666,95.83333333333334,593.75,12.0,0.008273018477295,5.0,3.6911717393832205e-05,0.0011955134943396,0.0522468239999999,0.0005524748950837,1.899820936155452,3
kingatest,3.0,5.0,EP1,585.6701493242795,1278.1818181818182,421.0602984036549,599.5109117716986,0.3294212860910528,0.4582056644784547,1320.0,326.172,0.2471,380.0,90.9090909090909,95.45454545454544,515.625,11.0,0.0340788807762129,5.0,3.6911717393832205e-05,0.0011955134943396,0.0522468239999999,0.0005524748950837,1.899820936155452,3
kingatest,3.0,5.0,EP1,826.3043914735181,1370.0,545.0446625832843,848.7706968942983,0.3978428194038572,0.6031418915865095,1360.0,326.172,0.2398323529411764,350.0,90.0,95.0,843.75,6.666666666666667,0.000737915139964,5.0,3.6911717393832205e-05,0.0011955134943396,0.0522468239999999,0.0005524748950837,1.899820936155452,3
kingatest,3.0,5.0,EP1,1433.530440489327,1360.0,1044.823976972745,1468.8019089104723,0.7682529242446654,1.054066500359799,1220.0,355.824,0.2916590163934426,460.0,90.9090909090909,95.45454545454544,39.0625,11.0,8.110307848825375e-05,5.0,3.6911717393832205e-05,0.0011955134943396,0.0522468239999999,0.0005524748950837,1.899820936155452,3
P13,6.0,3.0,CN4,235.10152545810345,1443.3333333333333,153.9382009020818,244.6816113014848,0.1066546426573315,0.1628878929270924,1480.0,177.91199999999998,0.1202108108108108,220.0,91.66666666666666,91.66666666666666,281.25,4.0,0.0062221761858336,6.0,1.3303249921876054e-05,0.0013967704159923,0.0151788587999999,1.591931587393052e-05,0.8641609504318871,2
P13,6.0,3.0,CN4,725.4762501100116,1496.0,497.9790737518363,745.3434390301313,0.3328737124009601,0.4849440174532163,1400.0,266.868,0.1906199999999999,400.0,85.0,85.0,601.5625,6.666666666666667,0.0018130891180995,6.0,1.3303249921876054e-05,0.0013967704159923,0.0151788587999999,1.591931587393052e-05,0.8641609504318871,2
P13,6.0,3.0,CN4,1009.752444909147,1434.2857142857142,671.3908804010628,1035.087588462674,0.4681012114350039,0.7040106687613575,1240.0,652.3439999999999,0.5260838709677419,760.0,90.47619047619048,90.47619047619048,359.375,10.5,0.0032716551724844,6.0,1.3303249921876054e-05,0.0013967704159923,0.0151788587999999,1.591931587393052e-05,0.8641609504318871,2
P13,6.0,3.0,CN4,714.0332473077634,1216.6666666666667,534.3070820895176,729.9748222416438,0.4391565058270008,0.5868766416228192,1280.0,415.128,0.32431875,610.0,87.5,87.5,914.0625,6.0,0.0033169716932411,6.0,1.3303249921876054e-05,0.0013967704159923,0.0151788587999999,1.591931587393052e-05,0.8641609504318871,2
P13,6.0,3.0,CN4,760.8942107809731,1478.095238095238,553.4583909167793,779.6868467194817,0.3744402773599344,0.5147802328092924,1360.0,355.824,0.261635294117647,520.0,90.47619047619048,95.23809523809524,679.6875,7.0,0.0039588303642005,6.0,1.3303249921876054e-05,0.0013967704159923,0.0151788587999999,1.591931587393052e-05,0.8641609504318871,2
P13,6.0,3.0,CN4,1115.8852987650655,1422.857142857143,663.2732683980475,1144.8723210816777,0.4661559115247322,0.7842567360798655,1360.0,237.216,0.1744235294117647,400.0,95.23809523809524,95.23809523809524,960.9375,5.25,0.0014676281932085,6.0,1.3303249921876054e-05,0.0013967704159923,0.0151788587999999,1.591931587393052e-05,0.8641609504318871,2
P13,6.0,3.0,CN4,1030.5161989816736,1353.0434782608695,692.3637692230915,1053.2883984058924,0.511708441263853,0.761628296162548,1160.0,711.6479999999999,0.6134896551724137,1180.0,91.30434782608695,95.65217391304348,320.3125,11.5,0.0105502221381141,6.0,1.3303249921876054e-05,0.0013967704159923,0.0151788587999999,1.591931587393052e-05,0.8641609504318871,2
P13,2.0,7.0,CP3,969.610981035928,1309.5652173913045,771.1353982093816,991.6587180008116,0.5888484116472702,0.7404067916277006,1120.0,593.04,0.5295,720.0,91.30434782608695,95.65217391304348,359.375,11.5,0.0001685214537581,12.0,1.3740388758393287e-05,1.2826155534042496e-05,0.0230885297999999,0.0001892829606318,0.9533616364887558,1
P13,2.0,7.0,CP3,1571.960185096751,1613.3333333333333,1039.1852011806852,1620.1924359198092,0.6441230585830694,0.9743554866302176,1500.0,504.084,0.3360559999999999,690.0,94.44444444444444,94.44444444444444,0.0,9.0,0.0001622571859427,12.0,1.3740388758393287e-05,1.2826155534042496e-05,0.0230885297999999,0.0001892829606318,0.9533616364887558,1
P13,2.0,7.0,CP3,1335.0655414622909,1748.235294117647,990.5316457218672,1378.7627303733832,0.5665894339593454,0.7636646771486859,1480.0,711.6479999999999,0.4808432432432432,760.0,88.23529411764706,88.23529411764706,476.5625,8.5,4.0967421450153465e-05,12.0,1.3740388758393287e-05,1.2826155534042496e-05,0.0230885297999999,0.0001892829606318,0.9533616364887558,1
P13,2.0,7.0,CP3,1144.18335748933,1538.9473684210527,882.5587467814638,1177.3460794726727,0.5734820858019087,0.743484397821384,1320.0,474.432,0.3594181818181818,560.0,84.21052631578947,89.47368421052632,554.6875,9.5,0.0003945005697799,12.0,1.3740388758393287e-05,1.2826155534042496e-05,0.0230885297999999,0.0001892829606318,0.9533616364887558,1
P13,2.0,7.0,CP3,1028.2995672468214,1694.1176470588234,786.122277571446,1053.5020961852267,0.4640305110664786,0.6069823834443043,1320.0,415.128,0.3144909090909091,760.0,82.35294117647058,88.23529411764706,164.0625,4.25,0.000114241481322,12.0,1.3740388758393287e-05,1.2826155534042496e-05,0.0230885297999999,0.0001892829606318,0.9533616364887558,1
P13,2.0,7.0,CP3,546.5040408511786,1196.8,398.14905081723685,557.7490994802363,0.332678017059857,0.4566377346684313,1280.0,415.128,0.32431875,480.0,88.0,92.0,601.5625,6.25,0.0172087813050561,12.0,1.3740388758393287e-05,1.2826155534042496e-05,0.0230885297999999,0.0001892829606318,0.9533616364887558,1
P13,2.0,7.0,CP3,844.4169586170093,1380.952380952381,569.8587962109979,866.3510896434054,0.4126563696700329,0.6114743493433515,1280.0,415.128,0.32431875,560.0,85.71428571428571,95.23809523809524,554.6875,7.0,0.0011977606468809,12.0,1.3740388758393287e-05,1.2826155534042496e-05,0.0230885297999999,0.0001892829606318,0.9533616364887558,1
P13,3.0,6.0,EN3,736.1474332484362,1186.6666666666667,547.3943548394931,752.557694136438,0.46128737767373,0.6203489606026147,1040.0,415.128,0.3991615384615384,610.0,95.83333333333334,95.83333333333334,320.3125,6.0,0.0023648727172264,4.0,2.952441074256708e-06,3.258726367366774e-06,0.0,3.026970395352948e-05,0.8586546637268337,4
P13,3.0,6.0,EN3,1169.4870670511923,1802.3529411764705,1060.9873315205318,1207.7058140678687,0.5886679058697468,0.6488668452960271,1400.0,533.736,0.3812399999999999,560.0,82.35294117647058,88.23529411764706,640.625,8.5,0.0006117934062454,4.0,2.952441074256708e-06,3.258726367366774e-06,0.0,3.026970395352948e-05,0.8586546637268337,4
P13,3.0,6.0,EN3,628.5153768583299,1434.0,580.8559926612846,634.6855370923084,0.4050599669883435,0.4382952418816805,1400.0,326.172,0.2329799999999999,460.0,85.0,90.0,679.6875,6.666666666666667,0.0002399696264141,4.0,2.952441074256708e-06,3.258726367366774e-06,0.0,3.026970395352948e-05,0.8586546637268337,4
P13,3.0,6.0,EN3,429.29117052521485,1123.3333333333333,371.12441759244746,448.2856232359008,0.3303778198152352,0.3821583120402506,1060.0,385.476,0.3636566037735849,500.0,58.333333333333336,91.66666666666666,0.0,12.0,0.0216342507896224,4.0,2.952441074256708e-06,3.258726367366774e-06,0.0,3.026970395352948e-05,0.8586546637268337,4
P13,6.0,4.0,EP2,805.1651439865669,1288.695652173913,536.3793124258419,824.1043938410061,0.4162187647029138,0.6247907662513846,1280.0,355.824,0.2779874999999999,520.0,91.30434782608695,95.65217391304348,1078.125,7.666666666666667,0.0029170101300071,13.0,1.6746661909034783e-05,1.5209330617458896e-05,0.0584529875999999,4.745625541374414e-05,0.9034406136310336,3
P13,6.0,4.0,EP2,1191.0033118715032,1627.3684210526317,828.2836477738714,1221.0099751751106,0.5089711936514734,0.731858438730872,1440.0,533.736,0.37065,620.0,89.47368421052632,94.73684210526316,1039.0625,9.5,0.0056825325346192,13.0,1.6746661909034783e-05,1.5209330617458896e-05,0.0584529875999999,4.745625541374414e-05,0.9034406136310336,3
P13,6.0,4.0,EP2,844.0379138403678,1432.3809523809523,581.5316393963855,865.9038478285049,0.4059895088871042,0.5892551925082355,1360.0,474.432,0.3488470588235294,600.0,95.23809523809524,95.23809523809524,1000.0,10.5,0.0010827478649002,13.0,1.6746661909034783e-05,1.5209330617458896e-05,0.0584529875999999,4.745625541374414e-05,0.9034406136310336,3
P13,6.0,4.0,EP2,866.9696440108867,1323.4782608695652,634.2827638411192,887.3229352056619,0.479254387922002,0.65506904770862,1240.0,474.432,0.3826064516129032,560.0,91.30434782608695,95.65217391304348,0.0,11.5,0.0028603302978441,13.0,1.6746661909034783e-05,1.5209330617458896e-05,0.0584529875999999,4.745625541374414e-05,0.9034406136310336,3
P13,6.0,4.0,EP2,693.1089380465382,1396.190476190476,507.6856920425884,708.6206022228939,0.363622085023682,0.4964286391192805,1360.0,474.432,0.3488470588235294,640.0,95.23809523809524,95.23809523809524,640.625,10.5,0.001168912107517,13.0,1.6746661909034783e-05,1.5209330617458896e-05,0.0584529875999999,4.745625541374414e-05,0.9034406136310336,3
P13,6.0,4.0,EP2,612.8449619344366,1502.0,467.1030541089351,628.4334928779339,0.3109873862243243,0.4080192822466288,1420.0,266.868,0.1879352112676056,350.0,95.0,95.0,882.8125,6.666666666666667,0.0007273396902325,13.0,1.6746661909034783e-05,1.5209330617458896e-05,0.0584529875999999,4.745625541374414e-05,0.9034406136310336,3
P13,6.0,4.0,EP2,1155.0529721277082,1266.0,851.1317542883091,1186.5444447209914,0.6722999638928192,0.9123641170045088,1200.0,385.476,0.32123,560.0,85.0,95.0,0.0,10.0,0.0022903563201878,13.0,1.6746661909034783e-05,1.5209330617458896e-05,0.0584529875999999,4.745625541374414e-05,0.9034406136310336,3
P14,7.0,5.0,CN1,1158.0673555540714,1426.6666666666667,711.7677523836925,1188.0882476527263,0.4989026301754853,0.81172945482762,1400.0,355.824,0.2541599999999999,560.0,90.47619047619048,90.47619047619048,640.625,10.5,0.0048876895851701,14.0,0.0011437810719551,0.0028454404993405,0.636741117599999,0.0339453971239777,6.06418244295267,2
P14,7.0,5.0,CN1,1112.0304693244166,1691.111111111111,860.2933076360636,1144.3827002825071,0.508714833687554,0.6575738649093134,1460.0,622.692,0.4265013698630137,690.0,94.44444444444444,94.44444444444444,882.8125,9.0,0.0002273448766658,14.0,0.0011437810719551,0.0028454404993405,0.636741117599999,0.0339453971239777,6.06418244295267,2
P14,7.0,5.0,CN1,902.5888691240694,1576.842105263158,799.5905384881477,928.6183425626432,0.5070834523122432,0.5724028208730747,1600.0,830.256,0.51891,940.0,89.47368421052632,89.47368421052632,0.0,6.333333333333333,0.0002045737801499,14.0,0.0011437810719551,0.0028454404993405,0.636741117599999,0.0339453971239777,6.06418244295267,2
P14,7.0,5.0,CN1,977.9893444689144,1388.0,615.4638815346391,1004.453242211639,0.4434177820854748,0.7046032741130507,1420.0,444.78,0.313225352112676,580.0,90.0,95.0,515.625,10.0,0.0006410806472809,14.0,0.0011437810719551,0.0028454404993405,0.636741117599999,0.0339453971239777,6.06418244295267,2
P14,7.0,5.0,CN1,1690.0650875040287,1445.7142857142858,1085.9308054778232,1733.732207816724,0.7511379089273481,1.1690173530166206,1160.0,593.04,0.5112413793103447,880.0,90.47619047619048,95.23809523809524,359.375,10.5,0.0007859063628344,14.0,0.0011437810719551,0.0028454404993405,0.636741117599999,0.0339453971239777,6.06418244295267,2
P14,7.0,5.0,CN1,942.4918615515516,1330.4347826086955,633.3997607490834,964.4126579902272,0.4760847874911411,0.7084089155452838,1360.0,355.824,0.261635294117647,660.0,82.6086956521739,86.95652173913044,1195.3125,5.75,0.0041371815099098,14.0,0.0011437810719551,0.0028454404993405,0.636741117599999,0.0339453971239777,6.06418244295267,2
P14,7.0,5.0,CN1,1376.7715859938423,1781.1764705882354,1182.7187025712265,1418.3535055361433,0.6640098396205697,0.7729563065355125,1480.0,474.432,0.3205621621621621,640.0,82.35294117647058,94.11764705882352,640.625,8.5,3.353919793130449e-05,14.0,0.0011437810719551,0.0028454404993405,0.636741117599999,0.0339453971239777,6.06418244295267,2
P14,6.0,7.0,CP4,1624.8335947186456,1502.0,990.9463844437324,1669.0425171266934,0.6597512546229909,1.0817800231149437,1260.0,889.56,0.706,1120.0,95.0,95.0,0.0,10.0,0.0029368754380637,16.0,0.0006381661554351,0.0013265645488169,0.2352560028000001,0.0149344492588717,5.146615844958866,1
P14,6.0,7.0,CP4,1123.4589445102122,1468.571428571429,798.4127110353751,1149.5701713890146,0.5436662429229208,0.7650012268065647,1240.0,533.736,0.4304322580645161,680.0,95.23809523809524,95.23809523809524,640.625,10.5,0.0028351193536345,16.0,0.0006381661554351,0.0013265645488169,0.2352560028000001,0.0149344492588717,5.146615844958866,1
P14,6.0,7.0,CP4,681.7344825970773,1294.5454545454545,503.4805266270391,697.6859711114408,0.3889245641079656,0.5266207379612254,1300.0,504.084,0.387756923076923,620.0,86.36363636363636,90.9090909090909,515.625,11.0,0.0165878662897248,16.0,0.0006381661554351,0.0013265645488169,0.2352560028000001,0.0149344492588717,5.146615844958866,1
P14,6.0,7.0,CP4,1107.1442638846263,1412.0,675.2278367921064,1137.3509798923058,0.4782066832805285,0.7840965041675825,1220.0,533.736,0.4374885245901639,680.0,90.0,95.0,0.0,20.0,0.0056618528426114,16.0,0.0006381661554351,0.0013265645488169,0.2352560028000001,0.0149344492588717,5.146615844958866,1
P14,6.0,7.0,CP4,789.8884791689327,1350.909090909091,540.6073224219933,809.2041946081524,0.4001803867188375,0.5847088338397214,1220.0,444.78,0.3645737704918033,620.0,95.45454545454544,95.45454545454544,117.1875,11.0,0.0010698430377564,16.0,0.0006381661554351,0.0013265645488169,0.2352560028000001,0.0149344492588717,5.146615844958866,1
P14,6.0,7.0,CP4,927.0429847920612,1253.3333333333333,639.2024015481541,947.7712570716762,0.5100019161288464,0.7396619559511127,1180.0,415.128,0.3518033898305084,540.0,91.66666666666666,91.66666666666666,718.75,8.0,0.0006865577021417,16.0,0.0006381661554351,0.0013265645488169,0.2352560028000001,0.0149344492588717,5.146615844958866,1
P14,6.0,7.0,CP4,784.0408152641035,1138.4615384615386,522.3002378532279,798.992699173987,0.4587772359521596,0.6886844998941448,1080.0,622.692,0.5765666666666667,840.0,88.46153846153845,92.3076923076923,679.6875,8.666666666666666,0.0160017503035015,16.0,0.0006381661554351,0.0013265645488169,0.2352560028000001,0.0149344492588717,5.146615844958866,1
P14,6.0,7.0,EN2,1498.9329538041386,1828.235294117647,915.834559937804,1544.642353426838,0.5009391093610897,0.819879672286691,1360.0,415.128,0.3052411764705882,1240.0,88.23529411764706,88.23529411764706,281.25,5.666666666666667,0.0004659040853873,21.0,0.0011667168624427,0.0090298876882457,0.2932360410000008,0.0362275349104041,6.369531813382415,4
P14,6.0,7.0,EN2,839.6951827895645,1153.8461538461538,589.1490604122317,856.4484806455084,0.5105958523572676,0.7277358250842892,1140.0,563.3879999999999,0.4941999999999999,650.0,84.61538461538461,92.3076923076923,398.4375,6.5,0.0086965541459323,21.0,0.0011667168624427,0.0090298876882457,0.2932360410000008,0.0362275349104041,6.369531813382415,4
P14,6.0,7.0,EN2,849.4276147661275,1274.7826086956522,724.6621128951152,869.255540566291,0.5684593655043536,0.666331348554602,1200.0,593.04,0.4942,800.0,86.95652173913044,95.65217391304348,78.125,11.5,0.0002183560255382,21.0,0.0011667168624427,0.0090298876882457,0.2932360410000008,0.0362275349104041,6.369531813382415,4
P14,6.0,7.0,EN2,659.9724512156824,1255.6521739130435,457.6205860650434,675.3777201944589,0.3644485276833794,0.5256013288767554,1360.0,415.128,0.3052411764705882,440.0,91.30434782608695,95.65217391304348,679.6875,7.666666666666667,0.0018454594910882,21.0,0.0011667168624427,0.0090298876882457,0.2932360410000008,0.0362275349104041,6.369531813382415,4
P14,6.0,7.0,EN2,1030.025427332928,1347.2727272727273,714.8371897098023,1055.2435963411706,0.5305809100410138,0.7645262955912422,1240.0,770.952,0.6217354838709678,950.0,95.45454545454544,95.45454545454544,156.25,11.0,0.001846347267294,21.0,0.0011667168624427,0.0090298876882457,0.2932360410000008,0.0362275349104041,6.369531813382415,4
P14,6.0,7.0,EN2,1136.521007284951,1453.3333333333333,870.9841177273747,1165.9809513655737,0.599300998436267,0.7820098673979022,1360.0,533.736,0.3924529411764705,920.0,80.95238095238095,85.71428571428571,1359.375,7.0,0.0004775116642693,21.0,0.0011667168624427,0.0090298876882457,0.2932360410000008,0.0362275349104041,6.369531813382415,4
P14,6.0,7.0,EN2,676.7991894625338,1356.3636363636365,584.2255390852753,687.1556280369514,0.4307292848483933,0.498980635662726,1400.0,355.824,0.2541599999999999,510.0,90.9090909090909,95.45454545454544,164.0625,11.0,0.0010647863049726,21.0,0.0011667168624427,0.0090298876882457,0.2932360410000008,0.0362275349104041,6.369531813382415,4
P14,2.0,3.0,EP3,1114.0716115024004,1498.9473684210527,786.7082950627048,1143.243865475653,0.5248405058353719,0.7432359767747755,1120.0,415.128,0.37065,960.0,89.47368421052632,94.73684210526316,195.3125,9.5,7.303335488116396e-05,18.0,0.0031514573680979,0.0112811255957559,0.6626117463000011,0.2395070085419707,6.497801649353244,3
P14,2.0,3.0,EP3,547.5873006670735,1100.0,435.5328792282953,557.9857956508823,0.3959389811166321,0.4978066369700668,1100.0,504.084,0.4582581818181818,610.0,85.71428571428571,89.28571428571429,679.6875,9.333333333333334,0.0059716575180454,18.0,0.0031514573680979,0.0112811255957559,0.6626117463000011,0.2395070085419707,6.497801649353244,3
P14,2.0,3.0,EP3,904.0514868684696,1274.7826086956522,726.7666223211947,925.3187119121274,0.5701102426121241,0.7091809071614872,1120.0,711.6479999999999,0.6354,880.0,95.65217391304348,95.65217391304348,0.0,11.5,0.0034975649432692,18.0,0.0031514573680979,0.0112811255957559,0.6626117463000011,0.2395070085419707,6.497801649353244,3
P14,2.0,3.0,EP3,628.7288763847259,940.6060606060606,415.8270328058545,638.7689773710155,0.4420841521453994,0.6684295399708748,880.0,533.736,0.6065181818181818,720.0,93.93939393939394,96.96969696969695,398.4375,8.25,0.0197358398649173,18.0,0.0031514573680979,0.0112811255957559,0.6626117463000011,0.2395070085419707,6.497801649353244,3
P14,2.0,3.0,EP3,883.887517084127,1360.0,727.9979068520406,905.4122975591996,0.5352925785676769,0.6499172919736228,1200.0,385.476,0.32123,490.0,90.9090909090909,95.45454545454544,835.9375,7.333333333333333,0.0016012543380999,18.0,0.0031514573680979,0.0112811255957559,0.6626117463000011,0.2395070085419707,6.497801649353244,3
P14,2.0,3.0,EP3,583.7259631025504,1164.6153846153843,480.0435877645343,595.7538641642761,0.412190663206007,0.5012178018714105,1180.0,563.3879999999999,0.4774474576271186,730.0,88.46153846153845,92.3076923076923,0.0,13.0,0.0074665222795064,18.0,0.0031514573680979,0.0112811255957559,0.6626117463000011,0.2395070085419707,6.497801649353244,3
P14,2.0,3.0,EP3,1202.7241805773483,1288.695652173913,769.6947703640006,1230.751714827074,0.5972665222122813,0.9332879943751357,1160.0,415.128,0.3578689655172413,500.0,95.65217391304348,95.65217391304348,796.875,5.75,0.001266408979039,18.0,0.0031514573680979,0.0112811255957559,0.6626117463000011,0.2395070085419707,6.497801649353244,3
P15,5.0,5.0,CN4,662.1703445620253,1238.3333333333333,400.4309272973703,677.0314184009308,0.3233627945873785,0.5347270615574902,1280.0,266.868,0.2084906249999999,290.0,79.16666666666666,91.66666666666666,914.0625,6.0,0.0188303835961407,19.0,3.763839741727228e-06,7.870708694116751e-05,0.0125383482,8.532345418246678e-06,0.7902508082571432,2
P15,5.0,5.0,CN4,363.41811632433416,1307.8260869565215,313.44067905831486,371.95167958762056,0.2396654128437912,0.2778795437320374,1400.0,237.216,0.1694399999999999,260.0,86.95652173913044,91.30434782608695,1117.1875,4.6,0.0231679628073891,19.0,3.763839741727228e-06,7.870708694116751e-05,0.0125383482,8.532345418246678e-06,0.7902508082571432,2
P15,5.0,5.0,CN4,394.5077485124515,1229.5652173913045,358.8298946306347,403.7915539577556,0.2918347799329773,0.32085142205751,1320.0,237.216,0.1797090909090909,420.0,78.26086956521739,82.6086956521739,1117.1875,5.75,0.0320047514104495,19.0,3.763839741727228e-06,7.870708694116751e-05,0.0125383482,8.532345418246678e-06,0.7902508082571432,2
P15,5.0,5.0,CN4,452.8696380758033,1274.7826086956522,374.1277074769741,462.030152124146,0.293483535878936,0.3552524446024377,1280.0,474.432,0.37065,540.0,82.6086956521739,95.65217391304348,835.9375,7.666666666666667,0.0031723907305997,19.0,3.763839741727228e-06,7.870708694116751e-05,0.0125383482,8.532345418246678e-06,0.7902508082571432,2
P15,5.0,5.0,CN4,1087.1582421516478,1265.0,765.4098078239157,1111.227644306222,0.6050670417580362,0.8594136301594053,1040.0,444.78,0.4276730769230769,580.0,91.66666666666666,91.66666666666666,437.5,8.0,0.0005401807405902,19.0,3.763839741727228e-06,7.870708694116751e-05,0.0125383482,8.532345418246678e-06,0.7902508082571432,2
P15,5.0,5.0,CN4,939.9493400735818,1383.6363636363635,659.6575262574149,963.090264275814,0.4767564250217847,0.6793326373724966,1340.0,533.736,0.398310447761194,510.0,86.36363636363636,95.45454545454544,960.9375,7.333333333333333,0.0004534521961442,19.0,3.763839741727228e-06,7.870708694116751e-05,0.0125383482,8.532345418246678e-06,0.7902508082571432,2
P15,5.0,5.0,CN4,490.6458328910308,1232.0,325.9856847572707,499.9217330047122,0.2645987700951872,0.3982514877362263,1240.0,237.216,0.1913032258064516,280.0,84.0,96.0,835.9375,6.25,0.0022019575798135,19.0,3.763839741727228e-06,7.870708694116751e-05,0.0125383482,8.532345418246678e-06,0.7902508082571432,2
P15,5.0,6.0,CP4,420.2380277890138,1152.0,414.8895435333763,427.7849927241488,0.3601471732060558,0.3647899546779634,1240.0,415.128,0.3347806451612903,600.0,92.0,96.0,875.0,8.333333333333334,0.0018943777787223,16.0,3.875775720865674e-06,5.72853121258924e-05,0.0109831007999999,1.0515583035838845e-05,0.7045714283463331,1
P15,5.0,6.0,CP4,531.6841167460243,1190.7692307692307,368.9219221127753,542.6257150805393,0.3098181516450955,0.4465047492053176,1300.0,266.868,0.2052830769230769,510.0,88.46153846153845,96.15384615384616,1078.125,6.5,0.0068461909596789,16.0,3.875775720865674e-06,5.72853121258924e-05,0.0109831007999999,1.0515583035838845e-05,0.7045714283463331,1
P15,5.0,6.0,CP4,527.344581552051,1111.111111111111,428.2821978855075,537.5110732311975,0.3854539780969567,0.4746101233968459,1120.0,415.128,0.37065,540.0,96.29629629629628,96.29629629629628,1000.0,9.0,0.0043642631591529,16.0,3.875775720865674e-06,5.72853121258924e-05,0.0109831007999999,1.0515583035838845e-05,0.7045714283463331,1
P15,5.0,6.0,CP4,696.1838837548597,1118.4615384615386,459.77118054695256,710.1173611922657,0.411074645605941,0.6224477640174123,1220.0,504.084,0.413183606557377,600.0,96.15384615384616,96.15384615384616,359.375,8.666666666666666,0.0197968208908387,16.0,3.875775720865674e-06,5.72853121258924e-05,0.0109831007999999,1.0515583035838845e-05,0.7045714283463331,1
P15,5.0,6.0,CP4,545.5272678794342,1164.8,464.5169534042864,557.2499764305819,0.3987954613704382,0.4683441516822066,1120.0,533.736,0.47655,680.0,92.0,96.0,0.0,12.5,0.0028833179824735,16.0,3.875775720865674e-06,5.72853121258924e-05,0.0109831007999999,1.0515583035838845e-05,0.7045714283463331,1
P15,5.0,6.0,CP4,612.7533489640564,1169.6,476.6941717006128,625.1817127148262,0.407570256241974,0.5238999221648909,1280.0,355.824,0.2779874999999999,640.0,88.0,96.0,875.0,8.333333333333334,0.0034240273314381,16.0,3.875775720865674e-06,5.72853121258924e-05,0.0109831007999999,1.0515583035838845e-05,0.7045714283463331,1
P15,5.0,6.0,CP4,692.5208915153283,1087.142857142857,480.8700228086368,705.3495223773449,0.442324593910704,0.637010018476649,1020.0,533.736,0.5232705882352942,650.0,85.71428571428571,96.42857142857144,398.4375,9.333333333333334,0.0392167780894095,16.0,3.875775720865674e-06,5.72853121258924e-05,0.0109831007999999,1.0515583035838845e-05,0.7045714283463331,1
P15,5.0,4.0,EN4,538.5164807134504,1222.4,404.1583847948722,550.0882669620171,0.3306269509120355,0.4405403147197728,1320.0,415.128,0.3144909090909091,560.0,96.0,96.0,1273.4375,8.333333333333334,0.0015046737993161,13.0,6.421834606914066e-06,8.688996565524685e-05,0.0114619805999998,7.31136840362171e-06,0.8713898384344885,4
P15,5.0,4.0,EN4,856.0373823613079,1260.0,599.5940655795894,874.054655900863,0.4758683060155471,0.6793947479057999,1200.0,593.04,0.4942,770.0,95.83333333333334,95.83333333333334,640.625,12.0,0.0013399431533123,13.0,6.421834606914066e-06,8.688996565524685e-05,0.0114619805999998,7.31136840362171e-06,0.8713898384344885,4
P15,5.0,4.0,EN4,737.7894912055426,1251.2,529.0897844411664,753.6558242654768,0.4228658763116739,0.5896655140709259,1240.0,296.52,0.2391290322580645,400.0,84.0,92.0,835.9375,8.333333333333334,0.0118082033095436,13.0,6.421834606914066e-06,8.688996565524685e-05,0.0114619805999998,7.31136840362171e-06,0.8713898384344885,4
P15,5.0,4.0,EN4,725.219178692109,1361.8181818181818,541.247556806419,742.2026420761125,0.3974448013932316,0.5325374476377303,1360.0,296.52,0.2180294117647058,380.0,86.36363636363636,95.45454545454544,718.75,7.333333333333333,0.0041524871542872,13.0,6.421834606914066e-06,8.688996565524685e-05,0.0114619805999998,7.31136840362171e-06,0.8713898384344885,4
P15,5.0,4.0,EN4,462.2474740577034,1260.8695652173913,378.8728863769755,471.0125410780629,0.3004853926438081,0.3666100656319717,1360.0,237.216,0.1744235294117647,320.0,78.26086956521739,91.30434782608695,953.125,7.666666666666667,0.0075632440388215,13.0,6.421834606914066e-06,8.688996565524685e-05,0.0114619805999998,7.31136840362171e-06,0.8713898384344885,4
P15,5.0,4.0,EN4,459.6478983702531,1294.5454545454545,401.62440725404696,470.3149906989894,0.3102435730192778,0.3550650900332011,1280.0,296.52,0.2316562499999999,370.0,90.9090909090909,95.45454545454544,796.875,7.333333333333333,0.0017989790555681,13.0,6.421834606914066e-06,8.688996565524685e-05,0.0114619805999998,7.31136840362171e-06,0.8713898384344885,4
P15,5.0,4.0,EN4,567.1592062352433,1243.3333333333333,416.0128203152718,579.8950429772316,0.3345947616476717,0.4561602194921528,1280.0,177.91199999999998,0.1389937499999999,240.0,83.33333333333334,91.66666666666666,875.0,6.0,0.0093684057915134,13.0,6.421834606914066e-06,8.688996565524685e-05,0.0114619805999998,7.31136840362171e-06,0.8713898384344885,4
P15,5.0,5.0,EP1,515.8811232574161,1168.0,441.5125517279586,526.9326057613941,0.3780073216848961,0.4416790438847741,1200.0,296.52,0.2471,480.0,68.0,84.0,679.6875,8.333333333333334,0.0019320123036595,17.0,1.0562347211345483e-05,9.605663333004932e-05,0.0334622819999999,7.533949750501728e-05,1.0116581437194443,3
P15,5.0,5.0,EP1,818.4396607330741,1231.6666666666667,563.5883995062097,836.6808128603737,0.4575819211146493,0.6644976947765148,1240.0,652.3439999999999,0.5260838709677419,730.0,91.66666666666666,91.66666666666666,398.4375,8.0,0.0051897030054259,17.0,1.0562347211345483e-05,9.605663333004932e-05,0.0334622819999999,7.533949750501728e-05,1.0116581437194443,3
P15,5.0,5.0,EP1,587.3329549752849,1441.904761904762,466.04312083345945,602.0875963547252,0.3232135250166,0.4073313095931632,1440.0,355.824,0.2470999999999999,440.0,90.47619047619048,95.23809523809524,554.6875,7.0,0.0005167117945401,17.0,1.0562347211345483e-05,9.605663333004932e-05,0.0334622819999999,7.533949750501728e-05,1.0116581437194443,3
P15,5.0,5.0,EP1,880.3787063909864,1177.6,598.896763502136,899.2106038881701,0.5085740179196128,0.7476042003999546,1240.0,593.04,0.478258064516129,720.0,84.0,96.0,0.0,12.5,0.0131343699549647,17.0,1.0562347211345483e-05,9.605663333004932e-05,0.0334622819999999,7.533949750501728e-05,1.0116581437194443,3
P15,5.0,5.0,EP1,521.4722747503777,1243.2,387.8006360661794,532.663528676977,0.3119374485731816,0.4194596804620155,1320.0,415.128,0.3144909090909091,480.0,92.0,92.0,640.625,12.5,0.0422997705696931,17.0,1.0562347211345483e-05,9.605663333004932e-05,0.0334622819999999,7.533949750501728e-05,1.0116581437194443,3
P15,5.0,5.0,EP1,544.8285007578947,1345.4545454545455,405.4007690542576,557.7915637327519,0.3013113824051914,0.4049401019146514,1300.0,237.216,0.1824738461538461,340.0,90.9090909090909,90.9090909090909,398.4375,11.0,0.003461142889552,17.0,1.0562347211345483e-05,9.605663333004932e-05,0.0334622819999999,7.533949750501728e-05,1.0116581437194443,3
P15,5.0,5.0,EP1,960.2380657197166,1350.909090909091,709.3317384352085,983.0138302568232,0.5250773299318502,0.7108087969661427,1100.0,415.128,0.3773890909090909,810.0,77.27272727272727,90.9090909090909,437.5,11.0,0.0010123962169829,17.0,1.0562347211345483e-05,9.605663333004932e-05,0.0334622819999999,7.533949750501728e-05,1.0116581437194443,3
P16,2.0,3.0,CN2,977.9161518248892,1405.7142857142858,652.6604892941768,1002.3047125710352,0.4642909984816298,0.6956720592250228,1560.0,593.04,0.3801538461538461,1000.0,95.23809523809524,95.23809523809524,1117.1875,10.5,0.0041112013029919,15.0,5.025375809391093e-05,0.001690666511164,0.0478153326,0.0001779905131489,2.211539082455244,2
P16,2.0,3.0,CN2,1161.9032006234631,1394.5454545454545,791.6031188894456,1190.5820905278704,0.5676423929454956,0.8331770017508536,1360.0,385.476,0.2834382352941176,510.0,90.9090909090909,95.45454545454544,1000.0,7.333333333333333,0.0009358412803486,15.0,5.025375809391093e-05,0.001690666511164,0.0478153326,0.0001779905131489,2.211539082455244,2
P16,2.0,3.0,CN2,1327.9101831620444,1318.2608695652175,1007.85845044157,1352.5387384326702,0.7645364234879982,1.0073197299712078,1120.0,711.6479999999999,0.6354,940.0,91.30434782608695,95.65217391304348,0.0,11.5,0.000819994355063,15.0,5.025375809391093e-05,0.001690666511164,0.0478153326,0.0001779905131489,2.211539082455244,2
P16,2.0,3.0,CN2,649.0272441403085,1276.5217391304348,509.96086031320425,663.257081914665,0.3994924995641586,0.5084341490199965,1200.0,533.736,0.44478,680.0,91.30434782608695,95.65217391304348,515.625,11.5,0.0019089772801787,15.0,5.025375809391093e-05,0.001690666511164,0.0478153326,0.0001779905131489,2.211539082455244,2
P16,2.0,3.0,CN2,846.9279523795038,1288.3333333333333,575.0740343012682,864.4256015143002,0.4463705311523427,0.6573826279789163,1220.0,652.3439999999999,0.5347081967213114,780.0,87.5,91.66666666666666,554.6875,8.0,0.0103515198832636,15.0,5.025375809391093e-05,0.001690666511164,0.0478153326,0.0001779905131489,2.211539082455244,2
P16,2.0,3.0,CN2,1542.595215861893,1682.3529411764705,1060.7045383362224,1591.77050272121,0.6304887115984539,0.9169272262116148,1520.0,770.952,0.5072052631578947,840.0,82.35294117647058,94.11764705882352,882.8125,8.5,0.0002297587985908,15.0,5.025375809391093e-05,0.001690666511164,0.0478153326,0.0001779905131489,2.211539082455244,2
P16,2.0,3.0,CN2,778.7709615325393,1414.0,569.8790268672448,799.5378782230711,0.4030261859032848,0.5507573985378638,1540.0,533.736,0.3465818181818181,880.0,90.0,95.0,0.0,10.0,0.0027279340184735,15.0,5.025375809391093e-05,0.001690666511164,0.0478153326,0.0001779905131489,2.211539082455244,2
P16,5.0,6.0,CP4,1024.194275049162,1191.6666666666667,716.4141786441129,1047.1387705280913,0.601186723337717,0.8594637273139819,1080.0,593.04,0.5491111111111111,770.0,87.5,91.66666666666666,320.3125,12.0,0.0039787605348299,9.0,5.482613943172122e-05,0.0006780924746591,0.0463149414000003,0.0001813925778313,2.204729413074036,1
P16,5.0,6.0,CP4,782.454659464462,1700.0,672.1694464239522,796.2263940539997,0.3953937920140895,0.4602674467438011,1780.0,355.824,0.1999011235955056,420.0,88.88888888888889,94.44444444444444,1476.5625,9.0,0.007862302352832,9.0,5.482613943172122e-05,0.0006780924746591,0.0463149414000003,0.0001813925778313,2.204729413074036,1
P16,5.0,6.0,CP4,702.4114308450697,1285.2173913043478,591.2457538976295,716.7700519408629,0.4600356001233247,0.5465312215641612,1280.0,770.952,0.60230625,940.0,91.30434782608695,95.65217391304348,117.1875,11.5,0.0006533941018379,9.0,5.482613943172122e-05,0.0006780924746591,0.0463149414000003,0.0001813925778313,2.204729413074036,1
P16,5.0,6.0,CP4,713.2487711337535,1300.0,576.0621659574764,728.9601204063615,0.4431247430442126,0.548652900872118,1360.0,741.3,0.5450735294117647,1030.0,90.9090909090909,95.45454545454544,1398.4375,11.0,0.0030451222192085,9.0,5.482613943172122e-05,0.0006780924746591,0.0463149414000003,0.0001813925778313,2.204729413074036,1
P16,5.0,6.0,CP4,711.8866543879385,1283.3333333333333,501.5338790989677,727.7796652193019,0.3908056200771177,0.554716873549043,1440.0,355.824,0.2470999999999999,720.0,83.33333333333334,87.5,1039.0625,8.0,0.0146178451637407,9.0,5.482613943172122e-05,0.0006780924746591,0.0463149414000003,0.0001813925778313,2.204729413074036,1
P16,5.0,6.0,CP4,703.1358332498778,1241.6,518.906542645205,718.0569595104898,0.4179337489088314,0.5663142986870795,1280.0,593.04,0.4633124999999999,800.0,88.0,96.0,554.6875,12.5,0.0060548752993095,9.0,5.482613943172122e-05,0.0006780924746591,0.0463149414000003,0.0001813925778313,2.204729413074036,1
P16,5.0,6.0,CP4,1145.0580311656008,1510.0,782.3177440347234,1176.3637103155504,0.5180912212150486,0.7583165769308615,1600.0,504.084,0.3150524999999999,710.0,85.0,95.0,1437.5,6.666666666666667,0.0012505164489873,9.0,5.482613943172122e-05,0.0006780924746591,0.0463149414000003,0.0001813925778313,2.204729413074036,1
P16,5.0,3.0,EN4,690.154362065662,1301.6666666666667,501.126267752833,705.1610978443462,0.3849881698485273,0.530208216695771,1200.0,474.432,0.39536,530.0,87.5,91.66666666666666,679.6875,12.0,0.002827536166541,10.0,5.52520281113944e-05,0.0002257139351989,0.1477232988000001,0.001343723547685,2.2659792428399337,4
P16,5.0,3.0,EN4,736.4781055808787,1236.3636363636365,537.4945887173498,754.2388152808038,0.4347382702860917,0.5956808206904166,1080.0,444.78,0.4118333333333333,660.0,90.9090909090909,95.45454545454544,195.3125,11.0,0.0026088112726312,10.0,5.52520281113944e-05,0.0002257139351989,0.1477232988000001,0.001343723547685,2.2659792428399337,4
P16,5.0,3.0,EN4,1519.157661337361,1857.5,962.6595105920542,1571.5082230895566,0.518255456577149,0.8178506925100194,1740.0,1245.384,0.7157379310344828,1630.0,93.75,93.75,195.3125,8.0,0.0005670264559772,10.0,5.52520281113944e-05,0.0002257139351989,0.1477232988000001,0.001343723547685,2.2659792428399337,4
P16,5.0,3.0,EN4,932.765873042664,1216.6666666666667,585.4961973415791,953.5952356832466,0.481229751239654,0.7666568819528745,1280.0,711.6479999999999,0.5559749999999999,1060.0,87.5,95.83333333333334,78.125,12.0,0.0380775823700242,10.0,5.52520281113944e-05,0.0002257139351989,0.1477232988000001,0.001343723547685,2.2659792428399337,4
P16,5.0,3.0,EN4,853.1398590193867,1336.3636363636365,610.9675812032789,874.1886033835686,0.4571866253902087,0.6384039761369561,1480.0,681.996,0.460808108108108,1160.0,90.9090909090909,95.45454545454544,78.125,11.0,0.0015279149065243,10.0,5.52520281113944e-05,0.0002257139351989,0.1477232988000001,0.001343723547685,2.2659792428399337,4
P16,5.0,3.0,EN4,720.7403600927776,1285.4545454545455,549.1875147951986,737.5067392751001,0.4272321543668447,0.5606891061542116,1360.0,830.256,0.6104823529411765,940.0,86.36363636363636,86.36363636363636,320.3125,7.333333333333333,0.0046446305338377,10.0,5.52520281113944e-05,0.0002257139351989,0.1477232988000001,0.001343723547685,2.2659792428399337,4
P16,5.0,3.0,EN4,956.702670634926,1474.2857142857142,796.1191583461073,981.382483513624,0.5400033050797239,0.6489262300818297,1480.0,770.952,0.5209135135135136,960.0,95.23809523809524,95.23809523809524,593.75,10.5,0.0042041281689853,10.0,5.52520281113944e-05,0.0002257139351989,0.1477232988000001,0.001343723547685,2.2659792428399337,4
P16,5.0,4.0,EP2,811.4185110040318,1346.0869565217392,625.1235451015393,830.5112387854349,0.4644005664514019,0.6027979894409796,1320.0,830.256,0.6289818181818182,1100.0,91.30434782608695,95.65217391304348,875.0,5.75,0.0065454690013156,18.0,2.138889051671353e-05,0.0004834099869398,0.0327372906,3.491150016631981e-05,1.999789844583,3
P16,5.0,4.0,EP2,878.9833699825512,1631.111111111111,768.9939102404701,905.4865445454952,0.4714540321637759,0.5388862622508829,1640.0,533.736,0.3254487804878048,660.0,94.44444444444444,94.44444444444444,796.875,9.0,0.0002575352640589,18.0,2.138889051671353e-05,0.0004834099869398,0.0327372906,3.491150016631981e-05,1.999789844583,3
P16,5.0,4.0,EP2,632.5960620947444,1576.842105263158,524.6485874858306,650.678881273972,0.3327210668301328,0.401179078097468,1640.0,415.128,0.2531268292682926,580.0,84.21052631578947,89.47368421052632,242.1875,9.5,0.00151311691537,18.0,2.138889051671353e-05,0.0004834099869398,0.0327372906,3.491150016631981e-05,1.999789844583,3
P16,5.0,4.0,EP2,1432.424518081145,1426.6666666666667,985.7653540946412,1467.9796355965964,0.690957023898113,1.004035877159681,1320.0,1186.08,0.8985454545454545,1320.0,95.23809523809524,95.23809523809524,0.0,7.0,0.0018575281087033,18.0,2.138889051671353e-05,0.0004834099869398,0.0327372906,3.491150016631981e-05,1.999789844583,3
P16,5.0,4.0,EP2,1645.4482671904334,1771.764705882353,1350.9822134937494,1697.5256502725765,0.7625065614008546,0.9287058612960614,1520.0,948.864,0.6242526315789473,1240.0,94.11764705882352,94.11764705882352,0.0,8.5,8.68262916632261e-05,18.0,2.138889051671353e-05,0.0004834099869398,0.0327372906,3.491150016631981e-05,1.999789844583,3
P16,5.0,4.0,EP2,876.1387148271942,1401.8181818181818,640.175841644394,897.4163974856881,0.4566753734168829,0.6250016772437832,1520.0,563.3879999999999,0.3706499999999999,970.0,90.9090909090909,95.45454545454544,0.0,11.0,0.0041747024369763,18.0,2.138889051671353e-05,0.0004834099869398,0.0327372906,3.491150016631981e-05,1.999789844583,3
P16,5.0,4.0,EP2,668.5972047669825,1623.157894736842,540.8332319627942,687.7946189877446,0.3331981649576229,0.4119113777747298,1560.0,474.432,0.3041230769230769,580.0,89.47368421052632,94.73684210526316,359.375,9.5,0.0029074802997068,18.0,2.138889051671353e-05,0.0004834099869398,0.0327372906,3.491150016631981e-05,1.999789844583,3
P17,4.0,5.0,CN2,790.7060136359152,1135.3846153846157,565.9203531892506,806.9299845711523,0.4984393354647871,0.6964212857226895,1240.0,741.3,0.5978225806451613,950.0,92.3076923076923,96.15384615384616,0.0,13.0,0.007362596329309,18.0,1.0515912120103656e-05,3.8762161125354994e-05,0.0298610465999999,6.651777087357662e-05,0.6487005973630602,2
P17,4.0,5.0,CN2,719.8717834554877,1136.2962962962963,509.2690700945678,733.3883429251256,0.4481833406960016,0.6335247116459638,960.0,474.432,0.4942,880.0,96.29629629629628,96.29629629629628,320.3125,13.5,0.0013794979499747,18.0,1.0515912120103656e-05,3.8762161125354994e-05,0.0298610465999999,6.651777087357662e-05,0.6487005973630602,2
P17,4.0,5.0,CN2,826.7607473346405,1230.4,544.0931292833363,844.5408666028653,0.4422083300417233,0.6719446906165804,1280.0,711.6479999999999,0.5559749999999999,840.0,92.0,96.0,39.0625,12.5,0.0336172049207077,18.0,1.0515912120103656e-05,3.8762161125354994e-05,0.0298610465999999,6.651777087357662e-05,0.6487005973630602,2
P17,4.0,5.0,CN2,941.928675447154,1041.428571428571,592.8444570581312,959.8717863099456,0.5692607955290698,0.9044582617462384,960.0,593.04,0.6177499999999999,770.0,89.28571428571429,92.85714285714286,554.6875,9.333333333333334,0.0050893563713511,18.0,1.0515912120103656e-05,3.8762161125354994e-05,0.0298610465999999,6.651777087357662e-05,0.6487005973630602,2
P17,4.0,5.0,CN2,845.9828346495804,1211.6666666666667,592.5308039445615,863.3494842853676,0.4890212962403533,0.6981976627094197,1040.0,711.6479999999999,0.684276923076923,1070.0,91.66666666666666,95.83333333333334,398.4375,8.0,0.0240403582408993,18.0,1.0515912120103656e-05,3.8762161125354994e-05,0.0298610465999999,6.651777087357662e-05,0.6487005973630602,2
P17,4.0,5.0,CN2,857.0834265110952,1156.923076923077,551.8171380504177,873.384222435922,0.4769696007084728,0.7408300894045371,1140.0,711.6479999999999,0.6242526315789473,930.0,96.15384615384616,96.15384615384616,234.375,8.666666666666666,0.0072297884857671,18.0,1.0515912120103656e-05,3.8762161125354994e-05,0.0298610465999999,6.651777087357662e-05,0.6487005973630602,2
P17,4.0,5.0,CN2,720.9458807448469,1090.0,574.0692950816614,734.6034067727737,0.52666907805657,0.661418239215456,900.0,711.6479999999999,0.7907199999999999,1060.0,92.85714285714286,96.42857142857144,78.125,5.6,0.0103911498733432,18.0,1.0515912120103656e-05,3.8762161125354994e-05,0.0298610465999999,6.651777087357662e-05,0.6487005973630602,2
P17,5.0,8.0,CN3,625.4854115005401,1181.5384615384614,464.03182914703,637.9132647416366,0.3927352720645437,0.5293821842126967,1100.0,563.3879999999999,0.512170909090909,710.0,84.61538461538461,96.15384615384616,1039.0625,8.666666666666666,0.0045095086821686,17.0,1.2015114052027716e-05,3.9261043610951455e-05,0.0291582941999999,2.013120955531621e-05,0.603333102745884,2
P17,5.0,8.0,CN3,879.7202352496458,1080.0,548.6767298201682,895.7362249096464,0.5080340090927484,0.8145557733793017,1000.0,770.952,0.770952,940.0,92.5925925925926,96.29629629629628,78.125,9.0,0.0141773719919188,17.0,1.2015114052027716e-05,3.9261043610951455e-05,0.0291582941999999,2.013120955531621e-05,0.603333102745884,2
P17,5.0,8.0,CN3,787.306707612638,1082.857142857143,552.428022077736,801.3436010548577,0.5101578040295716,0.7270642418586366,940.0,711.6479999999999,0.7570723404255318,940.0,96.42857142857144,96.42857142857144,78.125,14.0,0.0158620029854205,17.0,1.2015114052027716e-05,3.9261043610951455e-05,0.0291582941999999,2.013120955531621e-05,0.603333102745884,2
P17,5.0,8.0,CN3,856.7278498424411,1253.3333333333333,557.2187663953794,875.1862591141913,0.4445894412729091,0.6835594546615221,1300.0,593.04,0.4561846153846153,750.0,83.33333333333334,95.83333333333334,476.5625,12.0,0.0057133180162591,17.0,1.2015114052027716e-05,3.9261043610951455e-05,0.0291582941999999,2.013120955531621e-05,0.603333102745884,2
P17,5.0,8.0,CN3,711.2022888406461,1280.0,555.7603487272111,726.4010586609269,0.4341877724431336,0.5556267881567548,1460.0,474.432,0.3249534246575342,840.0,95.83333333333334,95.83333333333334,0.0,8.0,0.0217941355513594,17.0,1.2015114052027716e-05,3.9261043610951455e-05,0.0291582941999999,2.013120955531621e-05,0.603333102745884,2
P17,5.0,8.0,CN3,574.3502945673182,1211.6666666666667,517.7179580215187,584.8306399893526,0.4272775444469205,0.4740167492990246,1240.0,622.692,0.5021709677419355,800.0,91.66666666666666,91.66666666666666,117.1875,12.0,0.0013124464486984,17.0,1.2015114052027716e-05,3.9261043610951455e-05,0.0291582941999999,2.013120955531621e-05,0.603333102745884,2
P17,5.0,8.0,CN3,859.2632503100161,1217.6,544.6809463652398,877.0156907029261,0.4473398048334756,0.7057024066278057,1080.0,533.736,0.4942,880.0,88.0,96.0,117.1875,12.5,0.0205239188196432,17.0,1.2015114052027716e-05,3.9261043610951455e-05,0.0291582941999999,2.013120955531621e-05,0.603333102745884,2
P17,3.0,6.0,CP4,665.432190384565,1198.4,501.1293911423143,679.7100831247461,0.4181653797916507,0.5552671815625543,1240.0,652.3439999999999,0.5260838709677419,920.0,92.0,96.0,1320.3125,8.333333333333334,0.0120256865581232,4.0,4.158234070653465e-05,0.0033925125370855,0.0373793112,0.0002157565100789,0.7496668758746441,1
P17,3.0,6.0,CP4,1040.9610943738485,1415.2380952380952,677.3449567806574,1064.004352978828,0.4786084822474363,0.7355377853920193,1600.0,830.256,0.51891,1160.0,95.23809523809524,95.23809523809524,0.0,10.5,0.0029258420328559,4.0,4.158234070653465e-05,0.0033925125370855,0.0373793112,0.0002157565100789,0.7496668758746441,1
P17,3.0,6.0,CP4,821.4492968944711,1558.0,519.1855970753871,843.7343890693597,0.3332385090342664,0.5272460185458736,1620.0,326.172,0.2013407407407407,440.0,95.0,95.0,1039.0625,10.0,0.0078259052269723,4.0,4.158234070653465e-05,0.0033925125370855,0.0373793112,0.0002157565100789,0.7496668758746441,1
P17,3.0,6.0,CP4,940.2127418834526,1422.857142857143,607.496031733071,964.210066651235,0.4269550423826804,0.6607920876690931,1480.0,711.6479999999999,0.4808432432432432,960.0,95.23809523809524,95.23809523809524,156.25,10.5,0.0023917517342183,4.0,4.158234070653465e-05,0.0033925125370855,0.0373793112,0.0002157565100789,0.7496668758746441,1
P17,3.0,6.0,CP4,850.7643622061281,1236.8,607.8289232999693,867.4583897634599,0.4914528810640114,0.6878754545651101,1320.0,770.952,0.5840545454545455,1040.0,96.0,96.0,39.0625,12.5,0.011511282777525,4.0,4.158234070653465e-05,0.0033925125370855,0.0373793112,0.0002157565100789,0.7496668758746441,1
P17,3.0,6.0,CP4,714.3741560153255,1298.3333333333333,488.3304891839815,730.351585700461,0.3761210443008843,0.5502239969309312,1400.0,474.432,0.3388799999999999,670.0,95.83333333333334,95.83333333333334,1039.0625,8.0,0.0040497236037663,4.0,4.158234070653465e-05,0.0033925125370855,0.0373793112,0.0002157565100789,0.7496668758746441,1
P17,3.0,6.0,CP4,802.0450052685264,1318.1818181818182,605.558666605721,821.4597923673383,0.4593893332870986,0.6084479350312959,1200.0,533.736,0.44478,750.0,95.45454545454544,95.45454545454544,593.75,11.0,0.0033788369459986,4.0,4.158234070653465e-05,0.0033925125370855,0.0373793112,0.0002157565100789,0.7496668758746441,1
P17,8.0,2.0,EN1,783.399186694935,1376.3636363636365,532.1881644909462,802.7239340431518,0.3866624708983097,0.569180386634365,1500.0,296.52,0.19768,390.0,90.9090909090909,95.45454545454544,0.0,7.333333333333333,0.0042119151561003,5.0,1.2157093608676057e-05,0.0001948836447216,0.0234621450000001,1.3160684333213904e-05,0.6445907618514761,4
P17,8.0,2.0,EN1,884.821502286812,1321.7391304347825,595.8008527406471,904.6316607097287,0.4507703820077264,0.6694373208091012,1280.0,711.6479999999999,0.5559749999999999,1020.0,86.95652173913044,95.65217391304348,398.4375,11.5,0.0128702256633508,5.0,1.2157093608676057e-05,0.0001948836447216,0.0234621450000001,1.3160684333213904e-05,0.6445907618514761,4
P17,8.0,2.0,EN1,829.7206539772068,1313.0434782608695,628.9560960440626,847.6460913045587,0.4790062983117033,0.6319064583270119,1400.0,770.952,0.55068,960.0,86.95652173913044,91.30434782608695,1234.375,7.666666666666667,0.002880279584811,5.0,1.2157093608676057e-05,0.0001948836447216,0.0234621450000001,1.3160684333213904e-05,0.6445907618514761,4
P17,8.0,2.0,EN1,694.5502141674135,1342.608695652174,531.7314547033575,709.3707961333948,0.3960435057699877,0.517313954852672,1520.0,296.52,0.195078947368421,600.0,82.6086956521739,91.30434782608695,1359.375,4.6,0.0013667248730015,5.0,1.2157093608676057e-05,0.0001948836447216,0.0234621450000001,1.3160684333213904e-05,0.6445907618514761,4
P17,8.0,2.0,EN1,738.6890675118582,1091.851851851852,506.1851062836221,752.5971442534589,0.4636023700698031,0.6765469749938999,1040.0,711.6479999999999,0.684276923076923,960.0,92.5925925925926,96.29629629629628,0.0,13.5,0.0046444616945893,5.0,1.2157093608676057e-05,0.0001948836447216,0.0234621450000001,1.3160684333213904e-05,0.6445907618514761,4
P17,8.0,2.0,EN1,712.7707241905758,1528.0,578.7245504237383,730.6105753857503,0.3787464335233889,0.4664729870357171,1600.0,593.04,0.37065,1030.0,80.0,90.0,1039.0625,6.666666666666667,0.0039514653806081,5.0,1.2157093608676057e-05,0.0001948836447216,0.0234621450000001,1.3160684333213904e-05,0.6445907618514761,4
P17,8.0,2.0,EN1,834.7823299888053,1152.5925925925926,556.4765016297605,850.9440910858046,0.4828041627250493,0.7242648749902874,1240.0,593.04,0.478258064516129,820.0,92.5925925925926,96.29629629629628,1078.125,9.0,0.0104241303516795,5.0,1.2157093608676057e-05,0.0001948836447216,0.0234621450000001,1.3160684333213904e-05,0.6445907618514761,4
P17,7.0,3.0,EP1,802.133518697593,1307.8260869565215,592.4905562863745,819.6905761887474,0.4530346673732252,0.6133334750679733,1480.0,652.3439999999999,0.4407729729729729,920.0,91.30434782608695,95.65217391304348,1117.1875,7.666666666666667,0.0046399547213325,6.0,4.4266142391526026e-05,0.0007561020865612,0.0705539688,0.0004481474054722,0.7992419154487868,3
P17,7.0,3.0,EP1,1095.829414308248,1460.0,788.0689256524123,1117.315077521171,0.5397732367482276,0.7505680919919507,1560.0,533.736,0.3421384615384615,1100.0,85.0,90.0,78.125,10.0,0.003150921249907,6.0,4.4266142391526026e-05,0.0007561020865612,0.0705539688,0.0004481474054722,0.7992419154487868,3
P17,7.0,3.0,EP1,941.9129471453292,1129.6,637.9425261468831,960.8148715498238,0.5647508198892379,0.8338464475436698,1120.0,889.56,0.7942499999999999,1120.0,92.0,92.0,0.0,6.25,0.0059954562220921,6.0,4.4266142391526026e-05,0.0007561020865612,0.0705539688,0.0004481474054722,0.7992419154487868,3
P17,7.0,3.0,EP1,773.5114737351994,1409.5238095238096,561.6981056624296,793.284975674933,0.3985020344226696,0.5487750320418644,1560.0,533.736,0.3421384615384615,720.0,95.23809523809524,95.23809523809524,78.125,10.5,0.0044826089835476,6.0,4.4266142391526026e-05,0.0007561020865612,0.0705539688,0.0004481474054722,0.7992419154487868,3
P17,7.0,3.0,EP1,935.3990744978468,1330.909090909091,620.6824898825109,958.3716348453715,0.4663597943106298,0.7028271734614969,1520.0,681.996,0.4486815789473684,1080.0,90.9090909090909,90.9090909090909,0.0,7.333333333333333,0.007570300415999,6.0,4.4266142391526026e-05,0.0007561020865612,0.0705539688,0.0004481474054722,0.7992419154487868,3
P17,7.0,3.0,EP1,1005.186549850325,1111.111111111111,638.4918126897124,1024.822986591418,0.5746426314207412,0.9046678948652924,1200.0,652.3439999999999,0.54362,880.0,96.29629629629628,96.29629629629628,78.125,9.0,0.0161024238707232,6.0,4.4266142391526026e-05,0.0007561020865612,0.0705539688,0.0004481474054722,0.7992419154487868,3
P17,7.0,3.0,EP1,657.4131121296563,1147.6923076923076,470.5427308316021,670.6335313219383,0.4099903150677498,0.5728130333569391,1300.0,563.3879999999999,0.4333753846153845,610.0,80.76923076923077,84.61538461538461,554.6875,6.5,0.0163860166954224,6.0,4.4266142391526026e-05,0.0007561020865612,0.0705539688,0.0004481474054722,0.7992419154487868,3
P18,3.0,4.0,CN4,801.6649341630621,1316.3636363636365,562.4313329900854,821.1814949321786,0.4272613717466118,0.6089996046818842,1300.0,326.172,0.2509015384615384,370.0,86.36363636363636,95.45454545454544,875.0,7.333333333333333,0.0144721238387694,9.0,0.000680746849939,0.0025434213202768,0.2714877816000001,0.0254498351119153,3.0102534862261145,2
P18,3.0,4.0,CN4,837.4109760787369,1343.6363636363635,594.4068308149567,855.2092475779581,0.442386680579467,0.6232422690707784,1360.0,355.824,0.261635294117647,470.0,86.36363636363636,86.36363636363636,1078.125,7.333333333333333,0.0015743247274527,9.0,0.000680746849939,0.0025434213202768,0.2714877816000001,0.0254498351119153,3.0102534862261145,2
P18,3.0,4.0,CN4,746.8333147362938,1072.3076923076924,465.3799109743152,762.2318107592554,0.4339984822572523,0.69647296209267,1060.0,355.824,0.3356830188679245,460.0,96.15384615384616,96.15384615384616,0.0,13.0,0.0161060275898734,9.0,0.000680746849939,0.0025434213202768,0.2714877816000001,0.0254498351119153,3.0102534862261145,2
P18,3.0,4.0,CN4,548.9210195595408,1053.7931034482758,408.38019569569377,558.9919119915401,0.3875335626693429,0.5209001821736481,1040.0,415.128,0.3991615384615384,560.0,96.55172413793105,96.55172413793105,359.375,5.8,0.010628161236654,9.0,0.000680746849939,0.0025434213202768,0.2714877816000001,0.0254498351119153,3.0102534862261145,2
P18,3.0,4.0,CN4,725.0067465952959,1186.6666666666667,512.8832960453273,741.3010675341516,0.4322050247572982,0.6109607415128898,1200.0,355.824,0.2965199999999999,470.0,79.16666666666666,91.66666666666666,914.0625,8.0,0.0040840922444804,9.0,0.000680746849939,0.0025434213202768,0.2714877816000001,0.0254498351119153,3.0102534862261145,2
P18,3.0,4.0,CN4,504.3808085167397,1107.142857142857,392.3797965771234,513.1879025871746,0.3544075581986921,0.4555697625312487,1080.0,415.128,0.3843777777777777,570.0,85.71428571428571,89.28571428571429,398.4375,9.333333333333334,0.0024882105649693,9.0,0.000680746849939,0.0025434213202768,0.2714877816000001,0.0254498351119153,3.0102534862261145,2
P18,3.0,4.0,CN4,498.7636889262332,1226.6666666666667,382.8800092055935,509.7748088433021,0.3121304422871686,0.406600833363777,1300.0,385.476,0.29652,560.0,91.66666666666666,95.83333333333334,796.875,8.0,0.0207969337507634,9.0,0.000680746849939,0.0025434213202768,0.2714877816000001,0.0254498351119153,3.0102534862261145,2
P18,1.0,7.0,CP3,896.0082417203366,1122.962962962963,586.2974751307814,913.7473140021556,0.5220986750834795,0.7978965213208802,960.0,533.736,0.555975,700.0,85.18518518518519,96.29629629629628,78.125,13.5,0.0109251777084559,7.0,0.0001723982440083,0.0009402878483887,0.1457840579999997,0.0037297068425701,3.1870001809616824,1
P18,1.0,7.0,CP3,683.8546211419082,1347.2727272727273,490.8901711922538,699.861210730895,0.3643584266609171,0.5075844016572868,1340.0,207.564,0.1548985074626865,280.0,81.81818181818183,90.9090909090909,679.6875,7.333333333333333,0.0002279431267264,7.0,0.0001723982440083,0.0009402878483887,0.1457840579999997,0.0037297068425701,3.1870001809616824,1
P18,1.0,7.0,CP3,575.3329470836865,1156.923076923077,426.6217925120022,585.1495535331118,0.3687555387404274,0.4972957654313779,1200.0,474.432,0.39536,680.0,92.3076923076923,92.3076923076923,835.9375,5.2,0.002915290893529,7.0,0.0001723982440083,0.0009402878483887,0.1457840579999997,0.0037297068425701,3.1870001809616824,1
P18,1.0,7.0,CP3,659.6969000988257,1398.0,443.6167146013372,677.097348033095,0.3173223995717719,0.4718861946343531,1320.0,355.824,0.2695636363636363,450.0,90.0,95.0,156.25,10.0,0.0050231332869822,7.0,0.0001723982440083,0.0009402878483887,0.1457840579999997,0.0037297068425701,3.1870001809616824,1
P18,1.0,7.0,CP3,608.2104898799428,1155.3846153846157,422.6131164006226,620.3310943896546,0.3657769982162512,0.5264138727323073,1200.0,266.868,0.22239,470.0,84.61538461538461,88.46153846153845,320.3125,5.2,0.0080352199773468,7.0,0.0001723982440083,0.0009402878483887,0.1457840579999997,0.0037297068425701,3.1870001809616824,1
P18,1.0,7.0,CP3,978.7747442593724,1377.142857142857,723.16763517972,1003.2767367612566,0.5251217267902532,0.7107285487360588,1200.0,474.432,0.39536,520.0,85.71428571428571,90.47619047619048,835.9375,7.0,0.0005062701159658,7.0,0.0001723982440083,0.0009402878483887,0.1457840579999997,0.0037297068425701,3.1870001809616824,1
P18,1.0,7.0,CP3,887.5434261676064,1380.0,624.6675306189076,909.3587484229388,0.4526576308832663,0.6431474102663814,1400.0,296.52,0.2118,430.0,86.36363636363636,95.45454545454544,804.6875,7.333333333333333,0.0039304536773215,7.0,0.0001723982440083,0.0009402878483887,0.1457840579999997,0.0037297068425701,3.1870001809616824,1
P18,6.0,3.0,EN2,966.3125788273688,1413.3333333333333,666.6133311998293,991.3393385771222,0.4716603758489358,0.6837117303023836,1360.0,474.432,0.3488470588235294,560.0,95.23809523809524,95.23809523809524,0.0,10.5,0.0049022713735128,10.0,0.0003546596756497,0.0025292897064116,0.2591658930000001,0.0120620457717604,2.7396724547482134,4
P18,6.0,3.0,EN2,912.0672489825882,1219.2,684.9934306254331,931.0614170498316,0.5618384437544562,0.7480866543492357,1080.0,533.736,0.4942,600.0,92.0,92.0,398.4375,12.5,0.0028330648019223,10.0,0.0003546596756497,0.0025292897064116,0.2591658930000001,0.0120620457717604,2.7396724547482134,4
P18,6.0,3.0,EN2,932.952303175248,1221.6666666666667,750.4645904033549,951.523845449234,0.6142957083792809,0.7636717352048414,1060.0,415.128,0.3916301886792452,540.0,91.66666666666666,91.66666666666666,640.625,8.0,0.0006583316976731,10.0,0.0003546596756497,0.0025292897064116,0.2591658930000001,0.0120620457717604,2.7396724547482134,4
P18,6.0,3.0,EN2,709.0069880409566,1299.1304347826087,481.341997520552,725.6822435575496,0.3705109083993539,0.5457550443421018,1200.0,415.128,0.3459399999999999,520.0,86.95652173913044,95.65217391304348,679.6875,11.5,0.0024500107416591,10.0,0.0003546596756497,0.0025292897064116,0.2591658930000001,0.0120620457717604,2.7396724547482134,4
P18,6.0,3.0,EN2,2060.550088366373,1872.5,1398.9877292766605,2132.8273209410045,0.747122952884732,1.1004272835067412,1600.0,563.3879999999999,0.3521174999999999,740.0,87.5,93.75,0.0,16.0,0.0002501328053443,10.0,0.0003546596756497,0.0025292897064116,0.2591658930000001,0.0120620457717604,2.7396724547482134,4
P18,6.0,3.0,EN2,773.0890418746515,1228.8,605.4772222525522,789.5678509820088,0.4927386248800067,0.629141472879762,1160.0,474.432,0.4089931034482758,560.0,96.0,96.0,398.4375,8.333333333333334,0.0015195564153286,10.0,0.0003546596756497,0.0025292897064116,0.2591658930000001,0.0120620457717604,2.7396724547482134,4
P18,6.0,3.0,EN2,1477.9909143351128,1872.0,1003.103754781699,1533.370918475492,0.5358460228534717,0.7895250610764492,1720.0,948.864,0.5516651162790697,1200.0,93.33333333333331,93.33333333333331,0.0,15.0,0.000137427076058,10.0,0.0003546596756497,0.0025292897064116,0.2591658930000001,0.0120620457717604,2.7396724547482134,4
P18,7.0,1.0,EP1,582.5232470325398,1219.2,443.939935877216,591.524681881798,0.3641239631538845,0.4777913771592353,1080.0,237.216,0.2196444444444444,440.0,92.0,96.0,640.625,8.333333333333334,0.002534260559493,6.0,0.0002865590233789,0.0031157978941107,0.1158281249999999,0.0069928612908633,1.9224849126754744,3
P18,7.0,1.0,EP1,835.3613418327254,1041.3793103448277,561.3741058327391,850.287221936423,0.5390678499718355,0.8021681759320872,1040.0,474.432,0.4561846153846153,800.0,86.20689655172413,93.10344827586206,39.0625,9.666666666666666,0.0161379845906033,6.0,0.0002865590233789,0.0031157978941107,0.1158281249999999,0.0069928612908633,1.9224849126754744,3
P18,7.0,1.0,EP1,443.40500673763256,1123.076923076923,313.72305278087845,452.53655469291465,0.2793424442569465,0.3948126772321386,1180.0,148.26,0.1256440677966101,160.0,80.76923076923077,88.46153846153845,679.6875,5.2,0.0138942862630546,6.0,0.0002865590233789,0.0031157978941107,0.1158281249999999,0.0069928612908633,1.9224849126754744,3
P18,7.0,1.0,EP1,509.8078069233542,1173.8461538461538,366.4213631662535,520.0102563091104,0.3121545033526405,0.4343054711666844,1220.0,296.52,0.2430491803278688,360.0,84.61538461538461,88.46153846153845,914.0625,6.5,0.010444275238647,6.0,0.0002865590233789,0.0031157978941107,0.1158281249999999,0.0069928612908633,1.9224849126754744,3
P18,7.0,1.0,EP1,960.1515031967136,1224.3478260869565,725.6083722514667,982.7393466105972,0.59264888358607,0.7842146510484523,1000.0,355.824,0.355824,620.0,95.65217391304348,95.65217391304348,601.5625,5.75,0.0034440438236516,6.0,0.0002865590233789,0.0031157978941107,0.1158281249999999,0.0069928612908633,1.9224849126754744,3
P18,7.0,1.0,EP1,805.0296437229671,1339.1304347826087,567.8501166159178,823.9551956885548,0.4240439182521464,0.6011585001827351,1160.0,296.52,0.2556206896551724,460.0,91.30434782608695,95.65217391304348,601.5625,7.666666666666667,0.0025532860056448,6.0,0.0002865590233789,0.0031157978941107,0.1158281249999999,0.0069928612908633,1.9224849126754744,3
P18,7.0,1.0,EP1,568.8265433008875,1309.5652173913045,527.6662018296792,578.1265458619791,0.4029323586348812,0.43436289827093,1200.0,415.128,0.3459399999999999,520.0,86.95652173913044,86.95652173913044,0.0,7.666666666666667,0.0003768349013763,6.0,0.0002865590233789,0.0031157978941107,0.1158281249999999,0.0069928612908633,1.9224849126754744,3
P2,2.0,8.0,CP2,602.4078668935508,1381.8181818181818,450.64648127135206,617.2072276835082,0.3261257430253206,0.4359530615677012,1500.0,355.824,0.2372159999999999,620.0,86.36363636363636,90.9090909090909,1242.1875,7.333333333333333,0.0052826331683119,6.0,7.544571440122595e-05,0.0002716185873293,0.0918337266,0.000330503699415,1.7584082456152128,1
P2,2.0,8.0,CP2,637.8223822541412,1281.6666666666667,486.8324117203468,651.5363418437095,0.3798432341121041,0.4976507533842453,1380.0,504.084,0.3652782608695651,740.0,91.66666666666666,95.83333333333334,1242.1875,8.0,0.0080389359981372,6.0,7.544571440122595e-05,0.0002716185873293,0.0918337266,0.000330503699415,1.7584082456152128,1
P2,2.0,8.0,CP2,776.8243044601527,1104.6153846153843,536.4269252692729,791.4274024402574,0.4856232610376427,0.7032532004165728,1320.0,504.084,0.3818818181818181,1020.0,96.15384615384616,96.15384615384616,0.0,13.0,0.0145039111949894,6.0,7.544571440122595e-05,0.0002716185873293,0.0918337266,0.000330503699415,1.7584082456152128,1
P2,2.0,8.0,CP2,701.2217908764673,1170.7692307692307,600.8588724612332,713.6497740488677,0.5132171709590034,0.5989410828774031,1060.0,593.04,0.5594716981132075,790.0,96.15384615384616,96.15384615384616,78.125,13.0,0.0076683578006777,6.0,7.544571440122595e-05,0.0002716185873293,0.0918337266,0.000330503699415,1.7584082456152128,1
P2,2.0,8.0,CP2,797.4960814950755,1332.1739130434785,547.448266727627,815.1402821929976,0.4109435422563779,0.5986426199212381,1280.0,593.04,0.4633124999999999,820.0,95.65217391304348,95.65217391304348,1320.3125,7.666666666666667,0.0059171349649688,6.0,7.544571440122595e-05,0.0002716185873293,0.0918337266,0.000330503699415,1.7584082456152128,1
P2,2.0,8.0,CP2,691.2018518493711,1432.3809523809523,518.400470311368,709.1106364572753,0.3619152219593992,0.4825544843363296,1520.0,415.128,0.2731105263157894,480.0,90.47619047619048,90.47619047619048,1554.6875,7.0,0.0068230365871538,6.0,7.544571440122595e-05,0.0002716185873293,0.0918337266,0.000330503699415,1.7584082456152128,1
P2,2.0,8.0,CP2,891.4033879226621,1155.2,547.5180362325975,910.115456921558,0.4739595188994092,0.7716442069967643,1200.0,770.952,0.64246,920.0,92.0,96.0,0.0,8.333333333333334,0.0341232524176986,6.0,7.544571440122595e-05,0.0002716185873293,0.0918337266,0.000330503699415,1.7584082456152128,1
P2,8.0,8.0,EN2,992.556915632162,1102.2222222222222,605.9533704663149,1012.007905107465,0.5497560820762938,0.9005052661985341,1040.0,652.3439999999999,0.627253846153846,820.0,96.29629629629628,96.29629629629628,0.0,13.5,0.0528185242085596,9.0,0.0002076387556331,0.0006656100036824,0.1008983429999999,0.0026311454504446,1.6287070103797725,4
P2,8.0,8.0,EN2,703.1358332498778,1244.8,522.9811978774508,718.1861209657467,0.4201327103771295,0.5648584778678325,1360.0,533.736,0.3924529411764705,920.0,88.0,92.0,0.0,8.333333333333334,0.0340721526127734,9.0,0.0002076387556331,0.0006656100036824,0.1008983429999999,0.0026311454504446,1.6287070103797725,4
P2,8.0,8.0,EN2,542.3535455964611,1550.0,437.3845712389667,556.7071106224024,0.2821835943477204,0.3499055132880394,1600.0,385.476,0.2409225,500.0,90.0,90.0,640.625,10.0,0.0011007161333816,9.0,0.0002076387556331,0.0006656100036824,0.1008983429999999,0.0026311454504446,1.6287070103797725,4
P2,8.0,8.0,EN2,738.0406492870159,1158.4615384615386,527.8158186920306,752.7478550838478,0.455617904581434,0.6370868818546617,1020.0,681.996,0.6686235294117647,790.0,92.3076923076923,96.15384615384616,476.5625,8.666666666666666,0.0037069688288083,9.0,0.0002076387556331,0.0006656100036824,0.1008983429999999,0.0026311454504446,1.6287070103797725,4
P2,8.0,8.0,EN2,688.2916929220158,1266.0869565217392,502.1566138388843,703.5051389431926,0.3966209518645033,0.543636982733735,1400.0,415.128,0.29652,600.0,91.30434782608695,95.65217391304348,0.0,11.5,0.0014381799250506,9.0,0.0002076387556331,0.0006656100036824,0.1008983429999999,0.0026311454504446,1.6287070103797725,4
P2,8.0,8.0,EN2,771.621668954417,1238.4,528.454349967904,788.215743290512,0.426723473811292,0.6230795130445873,1240.0,652.3439999999999,0.5260838709677419,760.0,92.0,96.0,39.0625,8.333333333333334,0.0199942466181364,9.0,0.0002076387556331,0.0006656100036824,0.1008983429999999,0.0026311454504446,1.6287070103797725,4
P2,8.0,8.0,EN2,658.1428416385003,1196.923076923077,469.6106406866798,671.5871747832393,0.3923482216533957,0.5498622712918061,1240.0,504.084,0.4065193548387096,690.0,92.3076923076923,96.15384615384616,562.5,8.666666666666666,0.0076748891808779,9.0,0.0002076387556331,0.0006656100036824,0.1008983429999999,0.0026311454504446,1.6287070103797725,4
P2,7.0,3.0,EP2,924.0851331632456,1204.8,652.9236810939954,943.4057943184488,0.5419353262732365,0.767002932572415,1200.0,652.3439999999999,0.54362,920.0,92.0,96.0,39.0625,8.333333333333334,0.008436947445479,7.0,6.417908837140273e-05,0.0005993455668191,0.1259068397999999,0.0021230516310605,0.9115136204620076,3
P2,7.0,3.0,EP2,733.6047982394881,1133.8461538461538,598.6590142849395,748.6449982023078,0.5279896326800688,0.6470055886779746,1060.0,681.996,0.6433924528301886,900.0,92.3076923076923,96.15384615384616,0.0,8.666666666666666,0.0013184505603395,7.0,6.417908837140273e-05,0.0005993455668191,0.1259068397999999,0.0021230516310605,0.9115136204620076,3
P2,7.0,3.0,EP2,833.8603461749916,1121.4814814814815,504.805398176852,850.3610093094851,0.4501237037904558,0.7435346547795499,1200.0,652.3439999999999,0.54362,680.0,88.88888888888889,92.5925925925926,835.9375,6.75,0.023609785388061,7.0,6.417908837140273e-05,0.0005993455668191,0.1259068397999999,0.0021230516310605,0.9115136204620076,3
P2,7.0,3.0,EP2,566.2508278139644,1398.095238095238,444.7878038752754,580.2503996687891,0.3181384155783646,0.4050159190767456,1480.0,355.824,0.2404216216216216,440.0,85.71428571428571,90.47619047619048,1039.0625,7.0,0.0007143118289277,7.0,6.417908837140273e-05,0.0005993455668191,0.1259068397999999,0.0021230516310605,0.9115136204620076,3
P2,7.0,3.0,EP2,718.3778021811828,1172.8,490.9473834672442,733.1152508402023,0.4186113433383733,0.6125322324191531,1240.0,593.04,0.478258064516129,800.0,96.0,96.0,1320.3125,8.333333333333334,0.0314152311970536,7.0,6.417908837140273e-05,0.0005993455668191,0.1259068397999999,0.0021230516310605,0.9115136204620076,3
P2,7.0,3.0,EP2,690.1207623790684,1201.6,515.0378626858417,704.4372818484062,0.4286267166160467,0.5743348555085457,1280.0,474.432,0.37065,760.0,92.0,96.0,914.0625,8.333333333333334,0.0217839028619387,7.0,6.417908837140273e-05,0.0005993455668191,0.1259068397999999,0.0021230516310605,0.9115136204620076,3
P2,7.0,3.0,EP2,936.7373821284827,1130.3703703703704,601.9039118400203,955.2562282123376,0.5324838014312107,0.8286995189210037,1040.0,652.3439999999999,0.627253846153846,1000.0,88.88888888888889,92.5925925925926,1359.375,9.0,0.0142499155554758,7.0,6.417908837140273e-05,0.0005993455668191,0.1259068397999999,0.0021230516310605,0.9115136204620076,3
P20,1.0,2.0,CN3,566.5333176433669,1430.4761904761904,501.023713914583,580.7291242821163,0.3502496002731772,0.3960452620010221,1480.0,355.824,0.2404216216216216,440.0,95.23809523809524,95.23809523809524,796.875,10.5,0.0038485471487868,10.0,0.0002265330867149,0.0010559406919907,0.2285783724000003,0.0076416503171615,5.051700735777692,2
P20,1.0,2.0,CN3,701.6323823769824,1166.1538461538462,526.0195960081861,716.0931038163498,0.4510722129357796,0.6016636524340878,1100.0,622.692,0.5660836363636363,720.0,92.3076923076923,92.3076923076923,78.125,13.0,0.0129336868122472,10.0,0.0002265330867149,0.0010559406919907,0.2285783724000003,0.0076416503171615,5.051700735777692,2
P20,1.0,2.0,CN3,915.277735626369,1238.4,615.0859018597863,933.567258469874,0.4966778923286388,0.7390808588714219,1400.0,652.3439999999999,0.4659599999999999,1160.0,96.0,96.0,78.125,8.333333333333334,0.0083796215235172,10.0,0.0002265330867149,0.0010559406919907,0.2285783724000003,0.0076416503171615,5.051700735777692,2
P20,1.0,2.0,CN3,882.5994664522624,1200.0,577.3922567733466,903.214078165122,0.4811602139777888,0.7354995553768853,1360.0,533.736,0.3924529411764705,1080.0,91.30434782608695,95.65217391304348,39.0625,7.666666666666667,0.0419277899083776,10.0,0.0002265330867149,0.0010559406919907,0.2285783724000003,0.0076416503171615,5.051700735777692,2
P20,1.0,2.0,CN3,667.83231428256,1238.4,549.9672717535108,680.2812717513633,0.4440950191808064,0.5392702796209302,1360.0,474.432,0.3488470588235294,880.0,80.0,92.0,0.0,12.5,0.0136334272373719,10.0,0.0002265330867149,0.0010559406919907,0.2285783724000003,0.0076416503171615,5.051700735777692,2
P20,1.0,2.0,CN3,781.2022293087259,1131.851851851852,474.56082561456464,796.5973792421016,0.4192782163479465,0.690198304690301,1320.0,355.824,0.2695636363636363,860.0,92.5925925925926,96.29629629629628,1039.0625,6.75,0.0267254835418961,10.0,0.0002265330867149,0.0010559406919907,0.2285783724000003,0.0076416503171615,5.051700735777692,2
P20,1.0,2.0,CN3,985.08882848198,1306.0869565217392,760.7277564067115,999.0766299709512,0.5824480158906246,0.7542291296633002,1280.0,830.256,0.6486375,1140.0,95.65217391304348,95.65217391304348,39.0625,11.5,0.0015180407310295,10.0,0.0002265330867149,0.0010559406919907,0.2285783724000003,0.0076416503171615,5.051700735777692,2
P20,6.0,6.0,CP1,896.835014636617,1270.0,569.637565932707,916.9842305358274,0.4485335164824465,0.7061693028634779,1400.0,355.824,0.2541599999999999,650.0,87.5,91.66666666666666,0.0,8.0,0.0084112309581389,9.0,0.0004147336963848,0.0011090841959749,0.3569967365999996,0.012470709211986,5.8511021241486505,1
P20,6.0,6.0,CP1,608.3420090705556,1398.095238095238,513.2603535012133,623.8083376368603,0.3671140130628569,0.4351220092125908,1480.0,415.128,0.2804918918918919,440.0,90.47619047619048,90.47619047619048,1117.1875,7.0,0.0043863909780578,9.0,0.0004147336963848,0.0011090841959749,0.3569967365999996,0.012470709211986,5.8511021241486505,1
P20,6.0,6.0,CP1,730.9114713475008,1396.0,565.3727228912567,750.7407647826464,0.4049947871713873,0.5235755525411897,1440.0,474.432,0.3294666666666666,650.0,90.0,90.0,835.9375,10.0,0.0099668320575917,9.0,0.0004147336963848,0.0011090841959749,0.3569967365999996,0.012470709211986,5.8511021241486505,1
P20,6.0,6.0,CP1,629.6030495478877,1236.8,524.5849152742893,642.5673144684441,0.4241469237340631,0.5090580931014617,1360.0,533.736,0.3924529411764705,760.0,92.0,96.0,117.1875,8.333333333333334,0.0028381157460161,9.0,0.0004147336963848,0.0011090841959749,0.3569967365999996,0.012470709211986,5.8511021241486505,1
P20,6.0,6.0,CP1,803.41376899486,1446.0,499.9831576110708,825.4036758278797,0.3457698185415427,0.5556111818774966,1660.0,266.868,0.1607638554216867,370.0,90.0,95.0,1398.4375,6.666666666666667,0.0191477801515401,9.0,0.0004147336963848,0.0011090841959749,0.3569967365999996,0.012470709211986,5.8511021241486505,1
P20,6.0,6.0,CP1,717.8756539578804,1340.8695652173913,560.3725468867543,734.6183153611602,0.4179172690789672,0.5353806757792234,1240.0,711.6479999999999,0.5739096774193547,860.0,91.30434782608695,95.65217391304348,757.8125,7.666666666666667,0.0060773445912969,9.0,0.0004147336963848,0.0011090841959749,0.3569967365999996,0.012470709211986,5.8511021241486505,1
P20,6.0,6.0,CP1,746.8235765865019,1349.5652173913045,524.3478916353632,763.8884349992092,0.3885309764050694,0.5533808718263384,1480.0,177.91199999999998,0.1202108108108108,260.0,82.6086956521739,95.65217391304348,1117.1875,4.6,0.0082133268166219,9.0,0.0004147336963848,0.0011090841959749,0.3569967365999996,0.012470709211986,5.8511021241486505,1
P20,4.0,3.0,EN4,833.4582362535914,1492.0,554.1195006969449,856.16307131198,0.3713937672231534,0.558618120813399,1520.0,622.692,0.4096657894736842,840.0,90.0,90.0,0.0,10.0,0.0079321846015861,5.0,0.0001207167310874,0.0005143786871824,0.2709347718000005,0.0054720835807109,3.509246620892823,4
P20,4.0,3.0,EN4,857.9449663104222,1271.6666666666667,642.4928804658269,875.2621290027366,0.5052368653728652,0.6746618345822454,1340.0,444.78,0.3319253731343283,820.0,87.5,95.83333333333334,359.375,8.0,0.0025043745492014,5.0,0.0001207167310874,0.0005143786871824,0.2709347718000005,0.0054720835807109,3.509246620892823,4
P20,4.0,3.0,EN4,862.2591890440536,1299.1304347826087,575.9885813536605,882.5013643097998,0.4433647045225632,0.6637202593043251,1400.0,652.3439999999999,0.4659599999999999,960.0,91.30434782608695,95.65217391304348,757.8125,7.666666666666667,0.0070349110516592,5.0,0.0001207167310874,0.0005143786871824,0.2709347718000005,0.0054720835807109,3.509246620892823,4
P20,4.0,3.0,EN4,726.0853944268539,1227.2,512.6038106244107,741.6706562341809,0.4177019317343633,0.5916601975446983,1400.0,474.432,0.3388799999999999,880.0,88.0,96.0,117.1875,12.5,0.0241146647793875,5.0,0.0001207167310874,0.0005143786871824,0.2709347718000005,0.0054720835807109,3.509246620892823,4
P20,4.0,3.0,EN4,647.4565622495459,1370.909090909091,539.0901425718911,663.3996138219012,0.3932355151386473,0.4722826382456899,1500.0,533.736,0.355824,1020.0,90.9090909090909,95.45454545454544,242.1875,11.0,0.0007532190994305,5.0,0.0001207167310874,0.0005143786871824,0.2709347718000005,0.0054720835807109,3.509246620892823,4
P20,4.0,3.0,EN4,792.5953617120198,1058.571428571429,543.184807823024,807.376250738409,0.513130047876001,0.7487405576226907,1100.0,830.256,0.7547781818181818,960.0,89.28571428571429,96.42857142857144,156.25,7.0,0.0029130013589655,5.0,0.0001207167310874,0.0005143786871824,0.2709347718000005,0.0054720835807109,3.509246620892823,4
P20,4.0,3.0,EN4,637.767846545243,1291.6666666666667,586.7498294152633,651.0314103276444,0.4542579324505264,0.493755752164059,1480.0,593.04,0.4007027027027027,880.0,87.5,91.66666666666666,1359.375,8.0,0.0060218867077073,5.0,0.0001207167310874,0.0005143786871824,0.2709347718000005,0.0054720835807109,3.509246620892823,4
P20,7.0,4.0,EP1,636.0592964271716,1374.5454545454545,475.9424462277053,650.3508210775092,0.3462544251656586,0.4627415516335243,1480.0,474.432,0.3205621621621621,560.0,90.9090909090909,95.45454545454544,757.8125,11.0,0.0071569679620011,10.0,5.5734004696060325e-05,0.0004517244201461,0.1785346920000002,0.0011781030362292,3.249845248441177,3
P20,7.0,4.0,EP1,784.9009907099056,1288.3333333333333,589.4113988560531,801.2085732601796,0.4574991452957722,0.6092375089598233,1420.0,444.78,0.313225352112676,900.0,87.5,87.5,1320.3125,8.0,0.0070730373907538,10.0,5.5734004696060325e-05,0.0004517244201461,0.1785346920000002,0.0011781030362292,3.249845248441177,3
P20,7.0,4.0,EP1,2519.0808683034834,1438.0,1810.0758925642056,2587.588911374642,1.2587454051211444,1.7517947623807255,1040.0,681.996,0.6557653846153846,790.0,90.0,95.0,601.5625,6.666666666666667,2.580165924876079e-05,10.0,5.5734004696060325e-05,0.0004517244201461,0.1785346920000002,0.0011781030362292,3.249845248441177,3
P20,7.0,4.0,EP1,642.6034005782902,1246.6666666666667,438.1251227542263,657.0072282887879,0.3514372642413579,0.5154572731911419,1320.0,415.128,0.3144909090909091,570.0,83.33333333333334,95.83333333333334,921.875,8.0,0.0148083185090043,10.0,5.5734004696060325e-05,0.0004517244201461,0.1785346920000002,0.0011781030362292,3.249845248441177,3
P20,7.0,4.0,EP1,959.0868673105784,1318.1818181818182,633.5962088303211,982.7541474273788,0.4806591929057608,0.7275831407183698,1460.0,326.172,0.2234054794520547,800.0,90.9090909090909,90.9090909090909,0.0,11.0,0.0055858440933807,10.0,5.5734004696060325e-05,0.0004517244201461,0.1785346920000002,0.0011781030362292,3.249845248441177,3
P20,7.0,4.0,EP1,811.3047421378632,1121.4814814814815,536.5968527080478,827.3181882537,0.4784714340527506,0.7234223262127577,1120.0,652.3439999999999,0.5824499999999999,840.0,88.88888888888889,96.29629629629628,320.3125,9.0,0.0051287727475369,10.0,5.5734004696060325e-05,0.0004517244201461,0.1785346920000002,0.0011781030362292,3.249845248441177,3
P20,7.0,4.0,EP1,989.0179582490556,1203.3333333333333,693.815328560077,1011.0566616775392,0.5765778353684851,0.8218985802623731,1260.0,770.952,0.6118666666666667,1200.0,83.33333333333334,95.83333333333334,0.0,8.0,0.0070237967041688,10.0,5.5734004696060325e-05,0.0004517244201461,0.1785346920000002,0.0011781030362292,3.249845248441177,3
P21,2.0,7.0,CN3,755.633388742066,1360.0,536.5207782132445,772.606764221756,0.3945005722156209,0.5556127858397544,1520.0,415.128,0.2731105263157894,740.0,95.65217391304348,95.65217391304348,1078.125,7.666666666666667,0.0066986205749592,7.0,0.0005931450481892,0.0154283981027858,0.2359987853999999,0.02064040278509,5.395633410284429,2
P21,2.0,7.0,CN3,719.3118404485803,1376.3636363636365,566.1780424544701,734.5876718398204,0.4113578908189677,0.5226175855306726,1480.0,593.04,0.4007027027027027,850.0,95.45454545454544,95.45454545454544,757.8125,11.0,0.0090078600137624,7.0,0.0005931450481892,0.0154283981027858,0.2359987853999999,0.02064040278509,5.395633410284429,2
P21,2.0,7.0,CN3,2049.39015319192,1748.235294117647,1620.7877532781615,2116.500255925648,0.927099320515772,1.1722622006817844,1480.0,770.952,0.5209135135135136,1080.0,88.23529411764706,88.23529411764706,117.1875,5.666666666666667,2.950571544746762e-05,7.0,0.0005931450481892,0.0154283981027858,0.2359987853999999,0.02064040278509,5.395633410284429,2
P21,2.0,7.0,CN3,791.2858733310821,1374.5454545454545,598.8618353472676,810.7891511478477,0.4356799066679857,0.5756709395927185,1400.0,711.6479999999999,0.5083199999999999,850.0,95.45454545454544,95.45454545454544,953.125,11.0,0.012411615618437,7.0,0.0005931450481892,0.0154283981027858,0.2359987853999999,0.02064040278509,5.395633410284429,2
P21,2.0,7.0,CN3,996.4299911547862,1304.3478260869565,664.1729380964002,1018.1385272182074,0.5091992525405735,0.7639296598853361,1360.0,593.04,0.4360588235294117,940.0,86.95652173913044,95.65217391304348,1000.0,5.75,0.0010082521102702,7.0,0.0005931450481892,0.0154283981027858,0.2359987853999999,0.02064040278509,5.395633410284429,2
P21,2.0,7.0,CN3,945.9302299852776,1152.3076923076924,604.8358963706285,964.5724441429996,0.5248909648076214,0.8209007336320833,1300.0,652.3439999999999,0.5018030769230769,1150.0,92.3076923076923,96.15384615384616,0.0,8.666666666666666,0.015780973486581,7.0,0.0005931450481892,0.0154283981027858,0.2359987853999999,0.02064040278509,5.395633410284429,2
P21,2.0,7.0,CN3,925.8313217663552,1262.608695652174,616.7157691521668,946.5654479148008,0.4884456849345673,0.7332686088369893,1400.0,474.432,0.3388799999999999,1160.0,91.30434782608695,91.30434782608695,0.0,11.5,0.0140923524795081,7.0,0.0005931450481892,0.0154283981027858,0.2359987853999999,0.02064040278509,5.395633410284429,2
P21,3.0,7.0,CP4,815.9710139779316,1256.6666666666667,596.2102537416365,833.6253506800538,0.4744378676989149,0.6493138042264708,1440.0,504.084,0.3500583333333333,1130.0,83.33333333333334,91.66666666666666,234.375,8.0,0.0074416327480072,2.0,9.307923822056424e-05,0.0025579349451028,0.2444718443999991,0.0129274933664241,5.3679016142211164,1
P21,3.0,7.0,CP4,1891.433318940956,1440.0,1220.098356690968,1940.0911535828736,0.8472905254798389,1.3134953603756638,1240.0,770.952,0.6217354838709678,1040.0,90.47619047619048,90.47619047619048,359.375,10.5,0.0006284793226267,2.0,9.307923822056424e-05,0.0025579349451028,0.2444718443999991,0.0129274933664241,5.3679016142211164,1
P21,3.0,7.0,CP4,852.3804203243883,1365.4545454545455,624.2460387404287,872.172984152636,0.4571708672533099,0.6242466460431605,1400.0,830.256,0.59304,1180.0,90.9090909090909,95.45454545454544,796.875,11.0,0.0040389146544615,2.0,9.307923822056424e-05,0.0025579349451028,0.2444718443999991,0.0129274933664241,5.3679016142211164,1
P21,3.0,7.0,CP4,710.468308505949,1230.0,554.7894234282284,726.3575269225178,0.4510483117302669,0.5776165109804464,1320.0,711.6479999999999,0.5391272727272727,1040.0,91.66666666666666,91.66666666666666,921.875,8.0,0.005373096240815,2.0,9.307923822056424e-05,0.0025579349451028,0.2444718443999991,0.0129274933664241,5.3679016142211164,1
P21,3.0,7.0,CP4,808.3907793721506,1173.3333333333333,577.3301870918722,826.3678324247642,0.4920427730896638,0.6889694142376285,1260.0,741.3,0.5883333333333333,1080.0,95.83333333333334,95.83333333333334,78.125,8.0,0.0032193238141548,2.0,9.307923822056424e-05,0.0025579349451028,0.2444718443999991,0.0129274933664241,5.3679016142211164,1
P21,3.0,7.0,CP4,743.6558343750152,1173.8461538461538,510.6159176765012,758.9888009713978,0.4349939010350272,0.6335206976982436,1140.0,622.692,0.5462210526315789,820.0,92.3076923076923,92.3076923076923,1398.4375,6.5,0.0522518188489857,2.0,9.307923822056424e-05,0.0025579349451028,0.2444718443999991,0.0129274933664241,5.3679016142211164,1
P21,3.0,7.0,CP4,1189.2518656701784,1422.857142857143,847.544351978956,1220.1449439351566,0.5956637011900293,0.8358195843063503,1480.0,474.432,0.3205621621621621,600.0,90.47619047619048,95.23809523809524,1156.25,7.0,0.0034582642824057,2.0,9.307923822056424e-05,0.0025579349451028,0.2444718443999991,0.0129274933664241,5.3679016142211164,1
P21,1.0,4.0,EN3,881.9890939828915,1316.3636363636365,590.3231193858032,903.559100235866,0.4484498835113146,0.6700193393516441,1340.0,474.432,0.3540537313432835,630.0,95.45454545454544,95.45454545454544,718.75,11.0,0.0122406848295311,9.0,0.0002541284073192,0.0028491170080352,0.1991339363999997,0.0044529239721672,4.3233656792538655,4
P21,1.0,4.0,EN3,553.5608635277873,1107.142857142857,465.5928689066442,564.0068294832108,0.4205354944963238,0.4999904573799369,1060.0,622.692,0.5874452830188679,770.0,78.57142857142857,82.14285714285714,359.375,9.333333333333334,0.0090304404259394,9.0,0.0002541284073192,0.0028491170080352,0.1991339363999997,0.0044529239721672,4.3233656792538655,4
P21,1.0,4.0,EN3,768.6464670473337,1216.6666666666667,501.6725648456776,785.6781265741558,0.4123336149416527,0.6317642194909592,1360.0,504.084,0.37065,900.0,91.66666666666666,95.83333333333334,234.375,12.0,0.0074027707186987,9.0,0.0002541284073192,0.0028491170080352,0.1991339363999997,0.0044529239721672,4.3233656792538655,4
P21,1.0,4.0,EN3,573.227244366674,1438.0,457.0799768783991,588.8714551099202,0.317858120221418,0.3986281254288414,1540.0,326.172,0.2118,540.0,85.0,95.0,1320.3125,6.666666666666667,0.0206313619973243,9.0,0.0002541284073192,0.0028491170080352,0.1991339363999997,0.0044529239721672,4.3233656792538655,4
P21,1.0,4.0,EN3,790.4429138147801,1212.8,527.2216485185967,806.03520619337,0.4347144199526688,0.6517504236599441,1240.0,652.3439999999999,0.5260838709677419,720.0,88.0,88.0,1117.1875,6.25,0.0139784287854439,9.0,0.0002541284073192,0.0028491170080352,0.1991339363999997,0.0044529239721672,4.3233656792538655,4
P21,1.0,4.0,EN3,772.9941785033054,1407.6190476190477,579.8784765957844,792.6265464298198,0.4119569691647994,0.5491501268122264,1560.0,533.736,0.3421384615384615,800.0,95.23809523809524,95.23809523809524,1476.5625,7.0,0.039475638767023,9.0,0.0002541284073192,0.0028491170080352,0.1991339363999997,0.0044529239721672,4.3233656792538655,4
P21,1.0,4.0,EN3,840.9518416651455,1664.4444444444443,651.1006267419735,866.7790274071825,0.391181951981159,0.5052447646853344,1800.0,652.3439999999999,0.3624133333333333,800.0,88.88888888888889,88.88888888888889,0.0,9.0,0.0016536511655158,9.0,0.0002541284073192,0.0028491170080352,0.1991339363999997,0.0044529239721672,4.3233656792538655,4
P21,1.0,7.0,EP1,901.2435852753682,1443.809523809524,594.360801117269,922.4658031031486,0.4116615047316177,0.6242122457382168,1600.0,593.04,0.37065,1160.0,95.23809523809524,95.23809523809524,1601.5625,7.0,0.0162273873247436,9.0,0.0006242939714971,0.006280805782901,0.2897341397999998,0.0426163998504055,4.068638446424344,3
P21,1.0,7.0,EP1,767.5525012044865,1488.0,609.0683135136122,787.6235631270705,0.4093201031677501,0.5158282938202194,1560.0,622.692,0.3991615384615384,790.0,90.0,95.0,1117.1875,10.0,0.0010485550801186,9.0,0.0006242939714971,0.006280805782901,0.2897341397999998,0.0426163998504055,4.068638446424344,3
P21,1.0,7.0,EP1,806.0272948231964,1417.142857142857,655.996515670189,826.2305018003531,0.4629007671059801,0.5687692604599168,1400.0,889.56,0.6354,1200.0,95.23809523809524,95.23809523809524,39.0625,10.5,0.0012406239264749,9.0,0.0006242939714971,0.006280805782901,0.2897341397999998,0.0426163998504055,4.068638446424344,3
P21,1.0,7.0,EP1,883.6288813749809,1164.6153846153843,589.9778353072649,901.6370297039344,0.5065859880445471,0.758730215183273,1180.0,800.6039999999999,0.6784779661016949,950.0,92.3076923076923,96.15384615384616,1117.1875,8.666666666666666,0.0130572895403312,9.0,0.0006242939714971,0.006280805782901,0.2897341397999998,0.0426163998504055,4.068638446424344,3
P21,1.0,7.0,EP1,1424.9912280431763,1720.0,912.797896579522,1468.0962729557848,0.5306964514997221,0.8284832721181258,1640.0,948.864,0.5785756097560976,1200.0,94.11764705882352,94.11764705882352,1039.0625,8.5,0.0032057468215348,9.0,0.0006242939714971,0.006280805782901,0.2897341397999998,0.0426163998504055,4.068638446424344,3
P21,1.0,7.0,EP1,853.1845108320998,1274.5454545454545,566.1291058602839,872.0200958802772,0.4441811814880972,0.6694029685558558,1380.0,800.6039999999999,0.5801478260869565,980.0,86.36363636363636,90.9090909090909,1554.6875,7.333333333333333,0.0194989427323131,9.0,0.0006242939714971,0.006280805782901,0.2897341397999998,0.0426163998504055,4.068638446424344,3
P21,1.0,7.0,EP1,787.6668379581862,1385.4545454545455,693.9790532911828,806.5871664878242,0.5009035161550532,0.568525932909452,1600.0,800.6039999999999,0.5003774999999999,1340.0,86.36363636363636,86.36363636363636,0.0,7.333333333333333,0.005096236566367,9.0,0.0006242939714971,0.006280805782901,0.2897341397999998,0.0426163998504055,4.068638446424344,3
P22,5.0,7.0,CN3,584.5416057808793,1538.9473684210527,402.076481625105,601.418801804033,0.2612672076223322,0.3798320967796411,1640.0,177.91199999999998,0.1084829268292682,300.0,84.21052631578947,89.47368421052632,1117.1875,6.333333333333333,0.0012787171749655,2.0,0.0002105097443024,0.0014405835841371,0.3749080272000001,0.0123818670375789,2.2626782788933477,2
P22,5.0,7.0,CN3,1131.2698301340083,1385.4545454545455,716.0255866186912,1159.1918367059502,0.516816368294331,0.8165333419602424,1360.0,415.128,0.3052411764705882,570.0,90.9090909090909,95.45454545454544,0.0,11.0,0.0024328603039782,2.0,0.0002105097443024,0.0014405835841371,0.3749080272000001,0.0123818670375789,2.2626782788933477,2
P22,5.0,7.0,CN3,562.0597042228798,1549.4736842105262,373.0575422432328,578.2823337404834,0.240764038811869,0.3627423362851466,1560.0,296.52,0.190076923076923,380.0,84.21052631578947,89.47368421052632,921.875,6.333333333333333,0.0003873110544374,2.0,0.0002105097443024,0.0014405835841371,0.3749080272000001,0.0123818670375789,2.2626782788933477,2
P22,5.0,7.0,CN3,716.2867209900423,1240.0,511.98958322736735,730.137965918334,0.4128948251833608,0.5776505814435825,1280.0,474.432,0.37065,560.0,96.0,96.0,875.0,8.333333333333334,0.0174573892743516,2.0,0.0002105097443024,0.0014405835841371,0.3749080272000001,0.0123818670375789,2.2626782788933477,2
P22,5.0,7.0,CN3,594.0214966325195,1148.148148148148,512.2276915368867,605.7122952486474,0.4461337958547078,0.5173735615831622,1240.0,593.04,0.478258064516129,840.0,81.48148148148148,88.88888888888889,1117.1875,6.75,0.0078022293902479,2.0,0.0002105097443024,0.0014405835841371,0.3749080272000001,0.0123818670375789,2.2626782788933477,2
P22,5.0,7.0,CN3,977.776589422926,1637.7777777777778,873.8256358279182,1006.923094206831,0.5335434682802757,0.5970141997833335,1480.0,355.824,0.2404216216216216,440.0,94.44444444444444,94.44444444444444,875.0,9.0,0.0002796382858846,2.0,0.0002105097443024,0.0014405835841371,0.3749080272000001,0.0123818670375789,2.2626782788933477,2
P22,5.0,7.0,CN3,725.634518573541,1314.7826086956522,519.4828684306012,741.9548299573025,0.3951093245338567,0.551904561084373,1400.0,474.432,0.3388799999999999,520.0,91.30434782608695,95.65217391304348,875.0,7.666666666666667,0.0178610949835051,2.0,0.0002105097443024,0.0014405835841371,0.3749080272000001,0.0123818670375789,2.2626782788933477,2
P22,3.0,5.0,CP1,608.886571655885,1349.090909090909,446.3066326973087,623.8742241983135,0.3308202803012396,0.4513310167260603,1460.0,415.128,0.2843342465753424,520.0,90.9090909090909,95.45454545454544,796.875,11.0,0.0026106878355896,3.0,6.588282040755056e-05,0.0001658278324935,0.5485145568,0.0232239166131433,2.684848215107301,1
P22,3.0,5.0,CP1,854.1662601625048,1595.7894736842106,681.0312098369134,878.6323299548168,0.4267675787236594,0.5352624981229417,1680.0,593.04,0.353,840.0,94.73684210526316,94.73684210526316,1078.125,9.5,0.0014283723063727,3.0,6.588282040755056e-05,0.0001658278324935,0.5485145568,0.0232239166131433,2.684848215107301,1
P22,3.0,5.0,CP1,812.8140418734574,1238.4,531.5988462490615,830.044524735558,0.4292626342450431,0.6563420880761122,1480.0,415.128,0.2804918918918919,760.0,92.0,92.0,1156.25,6.25,0.0092367297211638,3.0,6.588282040755056e-05,0.0001658278324935,0.5485145568,0.0232239166131433,2.684848215107301,1
P22,3.0,5.0,CP1,792.2350431761799,1276.5217391304348,543.3783939865325,810.4597594236384,0.4256710852074335,0.6206200951312036,1320.0,533.736,0.4043454545454545,680.0,91.30434782608695,95.65217391304348,0.0,11.5,0.0196855806152093,3.0,6.588282040755056e-05,0.0001658278324935,0.5485145568,0.0232239166131433,2.684848215107301,1
P22,3.0,5.0,CP1,627.3754856543248,1198.3333333333333,480.5039624925215,640.8443047456232,0.4009768810785993,0.5235400436614672,1200.0,681.996,0.56833,910.0,87.5,91.66666666666666,718.75,8.0,0.0039594605379715,3.0,6.588282040755056e-05,0.0001658278324935,0.5485145568,0.0232239166131433,2.684848215107301,1
P22,3.0,5.0,CP1,792.8249671720919,1367.2727272727273,547.8458404834931,810.817341887038,0.4006851226940441,0.5798586860966097,1500.0,355.824,0.2372159999999999,610.0,95.45454545454544,95.45454545454544,1039.0625,5.5,0.0088145365843802,3.0,6.588282040755056e-05,0.0001658278324935,0.5485145568,0.0232239166131433,2.684848215107301,1
P22,3.0,5.0,CP1,577.5811631277461,1411.428571428571,435.0894817653688,592.4578599271629,0.3082617785787025,0.4092174232686461,1480.0,355.824,0.2404216216216216,480.0,90.47619047619048,90.47619047619048,1039.0625,5.25,0.0121005543889495,3.0,6.588282040755056e-05,0.0001658278324935,0.5485145568,0.0232239166131433,2.684848215107301,1
P22,5.0,6.0,EN2,628.6003989327891,1082.962962962963,458.8850603097671,640.8167864890509,0.4237310748414402,0.5804449648148189,1120.0,533.736,0.47655,820.0,88.88888888888889,96.29629629629628,195.3125,13.5,0.0084503537348746,5.0,0.0004249232729337,0.0040668979814589,0.2540079276000001,0.0186238722018766,2.451286470607507,4
P22,5.0,6.0,EN2,680.1069434621694,1269.5652173913045,457.2196434663996,696.1116495013056,0.3601387602646298,0.5357006746448595,1440.0,237.216,0.1647333333333333,560.0,91.30434782608695,95.65217391304348,320.3125,11.5,0.0027067085881646,5.0,0.0004249232729337,0.0040668979814589,0.2540079276000001,0.0186238722018766,2.451286470607507,4
P22,5.0,6.0,EN2,520.5664930479204,1390.0,430.3976129849675,531.8664036626391,0.3096385704927824,0.3745082683797988,1480.0,355.824,0.2404216216216216,400.0,90.0,90.0,1320.3125,5.0,0.0056518560107898,5.0,0.0004249232729337,0.0040668979814589,0.2540079276000001,0.0186238722018766,2.451286470607507,4
P22,5.0,6.0,EN2,538.0803237274233,1276.6666666666667,412.8234349038305,549.7595593734862,0.323360392875063,0.4214728384287911,1380.0,355.824,0.2578434782608695,530.0,91.66666666666666,95.83333333333334,1039.0625,8.0,0.0039675667697623,5.0,0.0004249232729337,0.0040668979814589,0.2540079276000001,0.0186238722018766,2.451286470607507,4
P22,5.0,6.0,EN2,713.9747894708888,1163.076923076923,485.4257449354678,728.6810001639949,0.4173634050371085,0.613867213169415,1240.0,355.824,0.2869548387096773,740.0,92.3076923076923,96.15384615384616,78.125,8.666666666666666,0.0176198311324156,5.0,0.0004249232729337,0.0040668979814589,0.2540079276000001,0.0186238722018766,2.451286470607507,4
P22,5.0,6.0,EN2,666.2474872640904,1361.8181818181818,446.1863412098706,682.6893597418682,0.3276401704478355,0.4892338023968621,1460.0,296.52,0.2030958904109588,410.0,90.9090909090909,95.45454545454544,1117.1875,7.333333333333333,0.016777904675339,5.0,0.0004249232729337,0.0040668979814589,0.2540079276000001,0.0186238722018766,2.451286470607507,4
P22,5.0,6.0,EN2,564.0760748177662,1255.6521739130435,405.3710543435542,575.4727023663513,0.3228370585146034,0.4492295609698276,1360.0,177.91199999999998,0.1308176470588235,260.0,86.95652173913044,91.30434782608695,1117.1875,7.666666666666667,0.0121790401664861,5.0,0.0004249232729337,0.0040668979814589,0.2540079276000001,0.0186238722018766,2.451286470607507,4
P22,8.0,4.0,EP1,695.9260330511145,1260.0,480.289767608644,710.997740194204,0.3811823552449555,0.5523222484532655,1400.0,296.52,0.2118,550.0,87.5,91.66666666666666,1039.0625,6.0,0.0288419991352281,7.0,0.000480341844675,0.0058029111444495,0.1844265444000001,0.0168853605948238,2.252202389481521,3
P22,8.0,4.0,EP1,695.9101300390081,1276.5217391304348,490.4785112117291,711.4085777541374,0.3842304413443382,0.5451612054120295,1360.0,415.128,0.3052411764705882,600.0,91.30434782608695,95.65217391304348,0.0,11.5,0.0062790097939521,7.0,0.000480341844675,0.0058029111444495,0.1844265444000001,0.0168853605948238,2.252202389481521,3
P22,8.0,4.0,EP1,560.9515724790035,1360.0,398.09068122249545,574.6850068888671,0.2927137361930113,0.412464391528679,1440.0,296.52,0.2059166666666666,350.0,95.45454545454544,95.45454545454544,1000.0,7.333333333333333,0.0018167128604411,7.0,0.000480341844675,0.0058029111444495,0.1844265444000001,0.0168853605948238,2.252202389481521,3
P22,8.0,4.0,EP1,584.7765696089715,1337.391304347826,449.779919832561,598.352717070771,0.3363113834898863,0.4372516612810905,1440.0,296.52,0.2059166666666666,400.0,86.95652173913044,86.95652173913044,1234.375,7.666666666666667,0.0037378163207888,7.0,0.000480341844675,0.0058029111444495,0.1844265444000001,0.0168853605948238,2.252202389481521,3
P22,8.0,4.0,EP1,569.6314598053727,1409.5238095238096,462.32538531294375,584.0692100301668,0.3280011179585074,0.4041304275646225,1360.0,415.128,0.3052411764705882,520.0,95.23809523809524,95.23809523809524,835.9375,10.5,0.0015603838096327,7.0,0.000480341844675,0.0058029111444495,0.1844265444000001,0.0168853605948238,2.252202389481521,3
P22,8.0,4.0,EP1,689.9758449878276,1227.2,505.927531042408,704.7149696194888,0.4122616778376857,0.5622358580409286,1320.0,533.736,0.4043454545454545,680.0,96.0,96.0,39.0625,12.5,0.0066620956586692,7.0,0.000480341844675,0.0058029111444495,0.1844265444000001,0.0168853605948238,2.252202389481521,3
P22,8.0,4.0,EP1,794.4809626416481,1384.7619047619048,649.6123386114141,809.6366956526664,0.4691148249944875,0.5737310940672149,1360.0,355.824,0.261635294117647,400.0,85.71428571428571,95.23809523809524,875.0,7.0,0.0181867315759348,7.0,0.000480341844675,0.0058029111444495,0.1844265444000001,0.0168853605948238,2.252202389481521,3
P23,1.0,2.0,CN4,1319.9043027511702,1424.0,941.8816553217176,1355.2376196992,0.6614337467146894,0.9268990890106532,1400.0,622.692,0.44478,900.0,95.0,95.0,0.0,6.666666666666667,0.0032063707844069,4.0,3.348618606656564e-06,0.0002256027950874,0.0247846241999998,0.000105614738315,1.4440423117578254,2
P23,1.0,2.0,CN4,720.1481329097044,1817.5,569.6256080385899,745.24013387824,0.3134116137763906,0.3962300593726021,1960.0,355.824,0.1815428571428571,430.0,81.25,87.5,1476.5625,5.333333333333333,0.0070278071523501,4.0,3.348618606656564e-06,0.0002256027950874,0.0247846241999998,0.000105614738315,1.4440423117578254,2
P23,1.0,2.0,CN4,862.2966749069345,1583.157894736842,619.2921822674203,887.2694398115655,0.3911752481077455,0.544668777368077,1680.0,711.6479999999999,0.4235999999999999,1060.0,84.21052631578947,94.73684210526316,1039.0625,6.333333333333333,0.004832567256779,4.0,3.348618606656564e-06,0.0002256027950874,0.0247846241999998,0.000105614738315,1.4440423117578254,2
P23,1.0,2.0,CN4,758.841221863968,2432.7272727272725,650.3705237645831,789.1373630603089,0.2673421435504639,0.3119302481503606,2240.0,593.04,0.26475,700.0,90.9090909090909,90.9090909090909,281.25,5.5,9.39759840516753e-06,4.0,3.348618606656564e-06,0.0002256027950874,0.0247846241999998,0.000105614738315,1.4440423117578254,2
P23,1.0,2.0,CN4,787.8119185742363,1401.8181818181818,574.4366711635749,806.3226342328427,0.4097797265109808,0.5619929380231258,1460.0,652.3439999999999,0.4468109589041095,830.0,86.36363636363636,86.36363636363636,320.3125,11.0,0.0069143339795609,4.0,3.348618606656564e-06,0.0002256027950874,0.0247846241999998,0.000105614738315,1.4440423117578254,2
P23,1.0,2.0,CN4,1178.058666714957,1530.5263157894738,850.7086828979088,1210.1380032575228,0.5558275438466391,0.7697082072759348,1600.0,889.56,0.555975,1340.0,94.73684210526316,94.73684210526316,0.0,9.5,0.0093909589502633,4.0,3.348618606656564e-06,0.0002256027950874,0.0247846241999998,0.000105614738315,1.4440423117578254,2
P23,1.0,2.0,CN4,996.9731970096065,1553.6842105263158,716.4434576923537,1025.8667624887185,0.4611255317125582,0.6416832907582155,1840.0,355.824,0.1933826086956521,900.0,94.73684210526316,94.73684210526316,0.0,9.5,0.0330243799038674,4.0,3.348618606656564e-06,0.0002256027950874,0.0247846241999998,0.000105614738315,1.4440423117578254,2
P23,1.0,7.0,CP3,1395.612171533816,1536.842105263158,1046.7571756598193,1434.8418873973765,0.6811091211485125,0.9081038102446062,1480.0,1126.7759999999998,0.7613351351351351,1300.0,94.73684210526316,94.73684210526316,281.25,9.5,0.000698668551947,12.0,1.2030060410966951e-05,0.0003712814667884,0.0249239885999998,5.112234557064503e-05,1.3070692547609408,1
P23,1.0,7.0,CP3,1062.8264204469135,1901.3333333333333,833.6997289763492,1098.330401258961,0.4384816246369298,0.5589900528297232,1960.0,770.952,0.3933428571428571,1160.0,86.66666666666667,93.33333333333331,0.0,15.0,0.0001717764907407,12.0,1.2030060410966951e-05,0.0003712814667884,0.0249239885999998,5.112234557064503e-05,1.3070692547609408,1
P23,1.0,7.0,CP3,1351.8440564433372,1664.4444444444443,949.9611275156734,1393.3961895944997,0.5707376600561456,0.8121893530033402,1500.0,1215.732,0.810488,1510.0,88.88888888888889,94.44444444444444,0.0,18.0,0.0005512518004486,12.0,1.2030060410966951e-05,0.0003712814667884,0.0249239885999998,5.112234557064503e-05,1.3070692547609408,1
P23,1.0,7.0,CP3,1125.1666543228164,1764.7058823529412,892.6233643526452,1161.5047711194875,0.505819906466499,0.637594437449596,1640.0,830.256,0.5062536585365853,1120.0,94.11764705882352,94.11764705882352,523.4375,8.5,0.0001137163188677,12.0,1.2030060410966951e-05,0.0003712814667884,0.0249239885999998,5.112234557064503e-05,1.3070692547609408,1
P23,1.0,7.0,CP3,989.9494936611666,1481.904761904762,664.8279405050531,1015.6584589630304,0.448630679646726,0.6680250439230238,1600.0,770.952,0.481845,1120.0,95.23809523809524,95.23809523809524,1601.5625,7.0,0.0040638153047815,12.0,1.2030060410966951e-05,0.0003712814667884,0.0249239885999998,5.112234557064503e-05,1.3070692547609408,1
P23,1.0,7.0,CP3,1802.4150465417224,1816.470588235294,1341.2724423866623,1859.8046492396277,0.7383948031273724,0.9922621694044458,1640.0,948.864,0.5785756097560976,1000.0,94.11764705882352,94.11764705882352,1234.375,8.5,0.0003608518485063,12.0,1.2030060410966951e-05,0.0003712814667884,0.0249239885999998,5.112234557064503e-05,1.3070692547609408,1
P23,1.0,7.0,CP3,1688.4819894128063,1898.6666666666667,1122.1272315604515,1751.0059902872913,0.5910080222404064,0.889298800603655,1760.0,1126.7759999999998,0.6402136363636363,1500.0,93.33333333333331,93.33333333333331,1242.1875,7.5,0.0009292933440841,12.0,1.2030060410966951e-05,0.0003712814667884,0.0249239885999998,5.112234557064503e-05,1.3070692547609408,1
P23,3.0,3.0,EN4,1289.484094810491,2100.0,1011.898444281076,1339.552163971228,0.4818564020386075,0.6140400451478527,1840.0,800.6039999999999,0.4351108695652173,1400.0,85.71428571428571,85.71428571428571,601.5625,7.0,1.7983652243994746e-05,12.0,0.0001013849692266,0.0290991036953192,0.0126569562,0.0003414109474052,1.482686545656705,4
P23,3.0,3.0,EN4,1166.19037896906,1673.3333333333333,956.193433544145,1201.6018720123272,0.5714303387714015,0.696926521296251,1740.0,681.996,0.391951724137931,830.0,77.77777777777779,77.77777777777779,1359.375,6.0,0.0020298382386881,12.0,0.0001013849692266,0.0290991036953192,0.0126569562,0.0003414109474052,1.482686545656705,4
P23,3.0,3.0,EN4,942.9864948193928,1631.111111111111,690.7190532029041,971.4149776606956,0.4234653595930611,0.5781252352434969,1540.0,681.996,0.4428545454545454,750.0,83.33333333333334,88.88888888888889,39.0625,9.0,0.000759210206516,12.0,0.0001013849692266,0.0290991036953192,0.0126569562,0.0003414109474052,1.482686545656705,4
P23,3.0,3.0,EN4,1302.1904622596496,1727.0588235294117,998.7227136815952,1344.4775937143766,0.5782795004287166,0.7539931150685982,1680.0,474.432,0.2824,880.0,88.23529411764706,94.11764705882352,1562.5,5.666666666666667,8.249071902573966e-05,12.0,0.0001013849692266,0.0290991036953192,0.0126569562,0.0003414109474052,1.482686545656705,4
P23,3.0,3.0,EN4,1243.675766333294,1617.7777777777778,776.0196749746185,1280.8407165516214,0.479682491399146,0.7687556247939317,1680.0,622.692,0.37065,1130.0,94.44444444444444,94.44444444444444,1203.125,9.0,0.0023663635647913,12.0,0.0001013849692266,0.0290991036953192,0.0126569562,0.0003414109474052,1.482686545656705,4
P23,3.0,3.0,EN4,945.4155310316144,1476.0,687.0715890073266,969.4322206370886,0.4654956565090288,0.640525427528194,1500.0,652.3439999999999,0.4348959999999999,830.0,90.0,95.0,39.0625,10.0,0.0060425160193614,12.0,0.0001013849692266,0.0290991036953192,0.0126569562,0.0003414109474052,1.482686545656705,4
P23,3.0,3.0,EN4,1168.9311356961966,1842.5,875.4389375241047,1191.6343318956451,0.475136465413354,0.6344266679490891,1800.0,415.128,0.2306266666666666,580.0,93.75,93.75,640.625,8.0,0.0001038576824845,12.0,0.0001013849692266,0.0290991036953192,0.0126569562,0.0003414109474052,1.482686545656705,4
P23,1.0,7.0,EP4,889.9438184514795,1485.7142857142858,681.4438452915356,912.1403400793104,0.4586641266385335,0.5990006470346496,1560.0,830.256,0.5322153846153846,1080.0,95.23809523809524,95.23809523809524,195.3125,10.5,0.0119551958910746,15.0,5.603507654296214e-05,0.0002554702169035,0.1023853908000002,0.000802015080168,1.2846831981856597,3
P23,1.0,7.0,EP4,1176.395291708081,1702.2222222222222,898.4401879044759,1211.9794212968548,0.5278042879334389,0.6910938397762878,1720.0,830.256,0.482706976744186,1030.0,88.88888888888889,88.88888888888889,757.8125,9.0,0.0018284389411547,15.0,5.603507654296214e-05,0.0002554702169035,0.1023853908000002,0.000802015080168,1.2846831981856597,3
P23,1.0,7.0,EP4,916.1579855818836,1323.4782608695652,569.1349791621745,937.6714273282008,0.4300297148728651,0.6922350088167977,1560.0,474.432,0.3041230769230769,900.0,91.30434782608695,95.65217391304348,398.4375,11.5,0.0184882009005492,15.0,5.603507654296214e-05,0.0002554702169035,0.1023853908000002,0.000802015080168,1.2846831981856597,3
P23,1.0,7.0,EP4,1400.8976713929842,1861.3333333333333,980.2468105144794,1445.5813690365185,0.526636896766375,0.7526312704475202,2000.0,415.128,0.207564,520.0,93.33333333333331,93.33333333333331,1679.6875,7.5,0.0099603173567672,15.0,5.603507654296214e-05,0.0002554702169035,0.1023853908000002,0.000802015080168,1.2846831981856597,3
P23,1.0,7.0,EP4,1558.232617066171,1568.421052631579,1050.086044928884,1602.990669020665,0.6695179481090199,0.9935040175925254,1480.0,533.736,0.3606324324324324,820.0,94.73684210526316,94.73684210526316,437.5,9.5,0.0002615536418699,15.0,5.603507654296214e-05,0.0002554702169035,0.1023853908000002,0.000802015080168,1.2846831981856597,3
P23,1.0,7.0,EP4,1337.900948265013,1474.0,935.5009915885488,1373.7386559083363,0.6346682439542393,0.907666857710321,1380.0,1037.82,0.7520434782608695,1260.0,90.0,95.0,320.3125,10.0,0.0010376457049419,15.0,5.603507654296214e-05,0.0002554702169035,0.1023853908000002,0.000802015080168,1.2846831981856597,3
P23,1.0,7.0,EP4,1093.7549999885714,1665.8823529411766,767.5859790890645,1128.7721943185288,0.4607684196509214,0.6565619703321226,1400.0,593.04,0.4236,840.0,94.11764705882352,94.11764705882352,757.8125,8.5,0.0007921414185782,15.0,5.603507654296214e-05,0.0002554702169035,0.1023853908000002,0.000802015080168,1.2846831981856597,3
P24,1.0,3.0,CN3,1734.504327800278,1528.0,1155.3518488914283,1781.7764970332607,0.7561203199551234,1.1351468113876166,1060.0,504.084,0.4755509433962264,950.0,95.0,95.0,203.125,10.0,0.0004359418777293,11.0,4.5931004153550365e-05,0.0007604950279938,0.0490755426,0.0001030704177234,1.8727886497395003,2
P24,1.0,3.0,CN3,1081.5509146371155,1380.0,760.5261336732617,1107.969399611826,0.5511058939661316,0.7837325468384895,1260.0,978.516,0.7766,1390.0,95.45454545454544,95.45454545454544,0.0,11.0,0.0052601493055886,11.0,4.5931004153550365e-05,0.0007604950279938,0.0490755426,0.0001030704177234,1.8727886497395003,2
P24,1.0,3.0,CN3,796.2543893954864,1422.0,656.302241028436,816.8116591661187,0.4615346280087454,0.5599538603343787,1440.0,919.212,0.6383416666666667,1240.0,95.0,95.0,1718.75,10.0,0.0016933234209248,11.0,4.5931004153550365e-05,0.0007604950279938,0.0490755426,0.0001030704177234,1.8727886497395003,2
P24,1.0,3.0,CN3,1376.3720427268204,1458.9473684210527,973.640903098845,1414.8271794506982,0.6673584833650091,0.9434007507867816,1160.0,652.3439999999999,0.5623655172413793,800.0,94.73684210526316,94.73684210526316,398.4375,9.5,0.002279398340317,11.0,4.5931004153550365e-05,0.0007604950279938,0.0490755426,0.0001030704177234,1.8727886497395003,2
P24,1.0,3.0,CN3,1258.4210461573523,1728.888888888889,828.8396487853925,1295.8440356408182,0.4794059665211139,0.7278784971347153,1500.0,741.3,0.4942,1070.0,88.88888888888889,88.88888888888889,757.8125,9.0,0.0006267548546187,11.0,4.5931004153550365e-05,0.0007604950279938,0.0490755426,0.0001030704177234,1.8727886497395003,2
P24,1.0,3.0,CN3,1068.290430755815,1543.157894736842,794.3484586025271,1099.24037942786,0.5147551402949527,0.6922755178840547,1280.0,355.824,0.2779874999999999,780.0,94.73684210526316,94.73684210526316,484.375,9.5,9.951406801594968e-05,11.0,4.5931004153550365e-05,0.0007604950279938,0.0490755426,0.0001030704177234,1.8727886497395003,2
P24,1.0,3.0,CN3,1375.300924008614,1488.0,950.7980027877968,1411.952320981536,0.6389771524111537,0.9242613736617028,1240.0,504.084,0.4065193548387096,640.0,80.0,80.0,796.875,6.666666666666667,0.0003706212846727,11.0,4.5931004153550365e-05,0.0007604950279938,0.0490755426,0.0001030704177234,1.8727886497395003,2
P24,2.0,7.0,CP4,993.3899181146166,1637.7777777777778,761.9754168919837,1023.6152769933232,0.4652495761212926,0.6065474398257497,1740.0,919.212,0.5282827586206896,1210.0,94.44444444444444,94.44444444444444,78.125,9.0,0.0011829268334626,14.0,4.402360983108098e-05,0.0001600300182857,0.0477293417999998,0.0001308902285694,1.8041487278622417,1
P24,2.0,7.0,CP4,982.287579524901,1515.7894736842106,715.4044372045297,1010.6388324585608,0.4719682051002105,0.6480369448254555,1240.0,652.3439999999999,0.5260838709677419,1300.0,84.21052631578947,89.47368421052632,78.125,6.333333333333333,0.0009013068151456,14.0,4.402360983108098e-05,0.0001600300182857,0.0477293417999998,0.0001308902285694,1.8041487278622417,1
P24,2.0,7.0,CP4,1005.1559389161772,2014.2857142857144,847.8907248688838,1043.1313804708768,0.4209386577363253,0.4990135866959744,1800.0,889.56,0.4942,1250.0,78.57142857142857,85.71428571428571,78.125,4.666666666666667,0.0001658156911517,14.0,4.402360983108098e-05,0.0001600300182857,0.0477293417999998,0.0001308902285694,1.8041487278622417,1
P24,2.0,7.0,CP4,830.9031231136395,1585.2631578947369,579.6873527174669,854.9647395550023,0.3656726328563038,0.5241420763333051,1280.0,415.128,0.32431875,900.0,78.94736842105263,89.47368421052632,476.5625,6.333333333333333,0.0002638889061567,14.0,4.402360983108098e-05,0.0001600300182857,0.0477293417999998,0.0001308902285694,1.8041487278622417,1
P24,2.0,7.0,CP4,921.6004385963868,1526.0,710.9696862291964,942.0594585225568,0.4659041194162493,0.603932135384264,1420.0,889.56,0.6264507042253521,1020.0,90.0,90.0,875.0,10.0,5.776746828644078e-05,14.0,4.402360983108098e-05,0.0001600300182857,0.0477293417999998,0.0001308902285694,1.8041487278622417,1
P24,2.0,7.0,CP4,1575.6569223159288,1502.0,1111.4315093607884,1618.2555042986824,0.7399677159525888,1.0490392292383015,1260.0,444.78,0.353,550.0,95.0,95.0,0.0,10.0,0.0002595728971539,14.0,4.402360983108098e-05,0.0001600300182857,0.0477293417999998,0.0001308902285694,1.8041487278622417,1
P24,2.0,7.0,CP4,1321.5575226656938,1978.6666666666667,927.1605398563222,1365.2259000772578,0.4685784399543407,0.6679030606464086,2320.0,1541.904,0.6646137931034483,1500.0,93.33333333333331,93.33333333333331,437.5,7.5,3.7083001742974726e-05,14.0,4.402360983108098e-05,0.0001600300182857,0.0477293417999998,0.0001308902285694,1.8041487278622417,1
P24,2.0,4.0,EN1,1302.8814220795382,1764.7058823529412,854.0354035918156,1341.0219983281409,0.4839533953686954,0.7382994725117383,1400.0,711.6479999999999,0.5083199999999999,1480.0,94.11764705882352,94.11764705882352,0.0,17.0,0.0023437018290605,9.0,6.282416443295347e-05,0.0014386813816295,0.0515796540000001,0.0001959417068997,1.7962101115480065,4
P24,2.0,4.0,EN1,1531.9921670818032,1623.529411764706,1157.3295834402068,1576.5278303918392,0.7128479318291129,0.9436183637822702,1440.0,1126.7759999999998,0.7824833333333332,1400.0,88.23529411764706,88.23529411764706,39.0625,5.666666666666667,8.047597768441817e-05,9.0,6.282416443295347e-05,0.0014386813816295,0.0515796540000001,0.0001959417068997,1.7962101115480065,4
P24,2.0,4.0,EN1,1195.324223798715,1502.0,791.3718934130846,1225.7433596090705,0.5268787572657022,0.7958217202388247,1320.0,533.736,0.4043454545454545,770.0,85.0,90.0,484.375,6.666666666666667,0.0004041958765375,9.0,6.282416443295347e-05,0.0014386813816295,0.0515796540000001,0.0001959417068997,1.7962101115480065,4
P24,2.0,4.0,EN1,784.8081354852341,1280.0,558.9105048046175,804.0374310168592,0.4366488318786074,0.6131313558478391,1220.0,385.476,0.3159639344262295,510.0,95.45454545454544,95.45454545454544,515.625,11.0,0.0024857929795481,9.0,6.282416443295347e-05,0.0014386813816295,0.0515796540000001,0.0001959417068997,1.7962101115480065,4
P24,2.0,4.0,EN1,1000.7996802557444,1240.0,723.9047556399221,1024.4441001273394,0.5837941577741307,0.8070965163352777,1160.0,622.692,0.5368034482758621,810.0,95.45454545454544,95.45454545454544,0.0,5.5,0.0032912941707422,9.0,6.282416443295347e-05,0.0014386813816295,0.0515796540000001,0.0001959417068997,1.7962101115480065,4
P24,2.0,4.0,EN1,758.5951928839693,1350.909090909091,521.964321814004,776.9145322853669,0.3863800497950231,0.5615442208427767,1280.0,296.52,0.2316562499999999,390.0,81.81818181818183,86.36363636363636,875.0,7.333333333333333,0.0021026887380954,9.0,6.282416443295347e-05,0.0014386813816295,0.0515796540000001,0.0001959417068997,1.7962101115480065,4
P24,2.0,4.0,EN1,643.1174076325411,1453.3333333333333,458.7519300595184,657.3183159026171,0.3156549977473751,0.4425119777288127,1360.0,237.216,0.1744235294117647,320.0,90.47619047619048,90.47619047619048,242.1875,10.5,0.0020986152847583,9.0,6.282416443295347e-05,0.0014386813816295,0.0515796540000001,0.0001959417068997,1.7962101115480065,4
P25,6.0,5.0,CN1,960.72436439794,1275.0,632.2698928395249,982.2584285987878,0.4958979551682548,0.7535093054101492,1240.0,919.212,0.7413,1170.0,95.83333333333334,95.83333333333334,0.0,12.0,0.0167106746502235,11.0,3.03676855907234e-06,0.0032315839260811,0.0042950921999998,1.6836031914495387e-06,1.098633851803462,2
P25,6.0,5.0,CN1,696.9383594860287,1122.962962962963,580.7078890644179,710.1150502667751,0.5171211413172587,0.6206245285660545,1120.0,770.952,0.68835,980.0,88.88888888888889,92.5925925925926,78.125,9.0,0.0039511866545804,11.0,3.03676855907234e-06,0.0032315839260811,0.0042950921999998,1.6836031914495387e-06,1.098633851803462,2
P25,6.0,5.0,CN1,761.0114726720363,1142.2222222222222,546.5791049324132,775.814410796809,0.4785225626840194,0.6662551803548956,1040.0,533.736,0.5132076923076923,900.0,85.18518518518519,96.29629629629628,398.4375,9.0,0.0102223935499262,11.0,3.03676855907234e-06,0.0032315839260811,0.0042950921999998,1.6836031914495387e-06,1.098633851803462,2
P25,6.0,5.0,CN1,751.633142531901,1414.5454545454545,570.1856612645466,770.1329507979527,0.4030875497371474,0.5313601907359197,1540.0,533.736,0.3465818181818181,850.0,95.45454545454544,95.45454545454544,78.125,11.0,0.0035099938516542,11.0,3.03676855907234e-06,0.0032315839260811,0.0042950921999998,1.6836031914495387e-06,1.098633851803462,2
P25,6.0,5.0,CN1,770.2236327485963,1058.571428571429,547.7476729549047,784.4761621635478,0.5174404467860098,0.727606670612709,1100.0,830.256,0.7547781818181818,890.0,92.85714285714286,96.42857142857144,78.125,7.0,0.0141199500329052,11.0,3.03676855907234e-06,0.0032315839260811,0.0042950921999998,1.6836031914495387e-06,1.098633851803462,2
P25,6.0,5.0,CN1,902.1086409075128,1182.4,577.9365593788531,921.0564193013544,0.4887826111120205,0.7629470914305757,1200.0,770.952,0.64246,1040.0,92.0,96.0,39.0625,8.333333333333334,0.0121800201950412,11.0,3.03676855907234e-06,0.0032315839260811,0.0042950921999998,1.6836031914495387e-06,1.098633851803462,2
P25,6.0,5.0,CN1,727.9804637183305,1048.571428571429,534.8154010754675,741.7235645129837,0.5100419356305549,0.6942592978240208,980.0,652.3439999999999,0.6656571428571428,890.0,89.28571428571429,96.42857142857144,117.1875,14.0,0.0132708488832785,11.0,3.03676855907234e-06,0.0032315839260811,0.0042950921999998,1.6836031914495387e-06,1.098633851803462,2
P25,6.0,6.0,CP3,745.9953692276454,1241.7391304347825,492.04260877870615,763.541531938945,0.3962528011873334,0.6007665788597985,1320.0,652.3439999999999,0.4942,880.0,91.30434782608695,91.30434782608695,0.0,7.666666666666667,0.0078566451449696,6.0,1.2554303760536734e-05,0.0128906006382192,0.0094278534,0.0002351933658829,1.2141287200741768,1
P25,6.0,6.0,CP3,661.5859732491311,1136.923076923077,588.0052328390911,674.5151344978603,0.5171899882887812,0.5819091780946349,1060.0,563.3879999999999,0.5314981132075471,800.0,92.3076923076923,96.15384615384616,0.0,13.0,0.0015843554121902,6.0,1.2554303760536734e-05,0.0128906006382192,0.0094278534,0.0002351933658829,1.2141287200741768,1
P25,6.0,6.0,CP3,718.2200219988301,1161.5384615384614,537.6667540973111,730.3989777283828,0.4628919075009964,0.6183351182771386,1200.0,533.736,0.44478,860.0,88.46153846153845,92.3076923076923,1078.125,6.5,0.0082621675604746,6.0,1.2554303760536734e-05,0.0128906006382192,0.0094278534,0.0002351933658829,1.2141287200741768,1
P25,6.0,6.0,CP3,819.7560612767679,1257.391304347826,525.4021610443182,838.8406759651558,0.4178509579536417,0.6519498412643728,1440.0,474.432,0.3294666666666666,760.0,82.6086956521739,91.30434782608695,0.0,7.666666666666667,0.0381347570660867,6.0,1.2554303760536734e-05,0.0128906006382192,0.0094278534,0.0002351933658829,1.2141287200741768,1
P25,6.0,6.0,CP3,734.9783013452002,994.6666666666666,514.6926323031314,747.9864596651229,0.5174523783208426,0.7389192037652818,760.0,444.78,0.5852368421052632,880.0,90.0,93.33333333333331,398.4375,6.0,0.0130996974336153,6.0,1.2554303760536734e-05,0.0128906006382192,0.0094278534,0.0002351933658829,1.2141287200741768,1
P25,6.0,6.0,CP3,767.9062442772555,1358.095238095238,539.7000930852156,787.6387095884161,0.3973948792001938,0.5654288614944728,1440.0,533.736,0.37065,480.0,85.71428571428571,95.23809523809524,1078.125,7.0,0.0011261919678368,6.0,1.2554303760536734e-05,0.0128906006382192,0.0094278534,0.0002351933658829,1.2141287200741768,1
P25,6.0,6.0,CP3,558.2581606327341,1251.6666666666667,452.9292743202098,569.9067256045747,0.3618609382052275,0.4460118460447941,1340.0,533.736,0.398310447761194,730.0,87.5,91.66666666666666,0.0,8.0,0.0060284215185731,6.0,1.2554303760536734e-05,0.0128906006382192,0.0094278534,0.0002351933658829,1.2141287200741768,1
P25,7.0,7.0,EN4,800.2726808009653,1337.391304347826,562.4396322459403,818.9698946308639,0.4205497900408526,0.5983833439018922,1440.0,593.04,0.4118333333333333,740.0,95.65217391304348,95.65217391304348,1601.5625,7.666666666666667,0.0069447277834584,22.0,5.420965964196167e-06,5.174258138351807e-05,0.0232353072000001,1.7499151770671734e-05,1.0764015032385932,4
P25,7.0,7.0,EN4,1021.9197620165684,1430.4761904761904,747.0373229663709,1047.8167778767431,0.5222298196502593,0.7143913116627144,1480.0,652.3439999999999,0.4407729729729729,960.0,95.23809523809524,95.23809523809524,78.125,10.5,0.0005119685018051,22.0,5.420965964196167e-06,5.174258138351807e-05,0.0232353072000001,1.7499151770671734e-05,1.0764015032385932,4
P25,7.0,7.0,EN4,842.947210684038,1302.857142857143,635.4301130505451,864.6021293666024,0.4877204815080938,0.6469989555688889,1520.0,711.6479999999999,0.4681894736842105,960.0,90.47619047619048,95.23809523809524,78.125,10.5,0.0027823033022734,22.0,5.420965964196167e-06,5.174258138351807e-05,0.0232353072000001,1.7499151770671734e-05,1.0764015032385932,4
P25,7.0,7.0,EN4,809.4030722287465,1206.4,565.4119442200232,826.6695885876366,0.4686770094661995,0.6709242972718389,1320.0,652.3439999999999,0.4942,840.0,92.0,92.0,0.0,8.333333333333334,0.0425106886110986,22.0,5.420965964196167e-06,5.174258138351807e-05,0.0232353072000001,1.7499151770671734e-05,1.0764015032385932,4
P25,7.0,7.0,EN4,738.1056834898374,1184.0,552.0869496736905,753.3577012860203,0.4662896534406169,0.6234000705150653,1200.0,711.6479999999999,0.5930399999999999,920.0,88.0,96.0,117.1875,12.5,0.0035640617735512,22.0,5.420965964196167e-06,5.174258138351807e-05,0.0232353072000001,1.7499151770671734e-05,1.0764015032385932,4
P25,7.0,7.0,EN4,717.3562573784382,1131.2,539.075752252563,731.7380540262649,0.4765521147918697,0.6341551073005994,1120.0,770.952,0.68835,1080.0,88.0,96.0,234.375,12.5,0.0028495738640732,22.0,5.420965964196167e-06,5.174258138351807e-05,0.0232353072000001,1.7499151770671734e-05,1.0764015032385932,4
P25,7.0,7.0,EN4,822.1727312432589,1167.6923076923076,556.6780591495066,839.1201741506794,0.4767335157406842,0.7041004944770992,1280.0,652.3439999999999,0.50964375,1020.0,92.3076923076923,96.15384615384616,0.0,13.0,0.0087248129684864,22.0,5.420965964196167e-06,5.174258138351807e-05,0.0232353072000001,1.7499151770671734e-05,1.0764015032385932,4
P25,4.0,5.0,EP4,865.9924117120526,1338.1818181818182,582.7654626138927,886.4310463877041,0.4354904951598383,0.6471410685348219,1520.0,474.432,0.3121263157894736,990.0,90.9090909090909,95.45454545454544,1398.4375,7.333333333333333,0.0309620590076935,9.0,3.681421716960109e-06,8.789338819859596e-05,0.0301175363999999,4.339267163222168e-05,0.9044096729048748,3
P25,4.0,5.0,EP4,700.2111482787981,1250.0,473.3231270587733,715.912861524671,0.3786585016470186,0.5601689186230384,1300.0,652.3439999999999,0.5018030769230769,770.0,87.5,87.5,515.625,8.0,0.0086704932208105,9.0,3.681421716960109e-06,8.789338819859596e-05,0.0301175363999999,4.339267163222168e-05,0.9044096729048748,3
P25,4.0,5.0,EP4,721.5261603018979,1206.4,543.283842326765,736.7122420159936,0.4503347499392945,0.5980820294279657,1200.0,652.3439999999999,0.54362,840.0,92.0,92.0,78.125,12.5,0.0150974537879835,9.0,3.681421716960109e-06,8.789338819859596e-05,0.0301175363999999,4.339267163222168e-05,0.9044096729048748,3
P25,4.0,5.0,EP4,851.9333754411058,1360.0,641.7832299816771,872.2647042530806,0.4718994338100566,0.6264215995890484,1280.0,1008.168,0.7876312499999999,1320.0,90.9090909090909,90.9090909090909,0.0,11.0,0.0027667494445372,9.0,3.681421716960109e-06,8.789338819859596e-05,0.0301175363999999,4.339267163222168e-05,0.9044096729048748,3
P25,4.0,5.0,EP4,796.8509450150816,1312.7272727272727,587.3117272241931,815.1844664158623,0.4473981301569338,0.6070194179477768,1420.0,830.256,0.584687323943662,990.0,86.36363636363636,86.36363636363636,117.1875,11.0,0.0023065551004631,9.0,3.681421716960109e-06,8.789338819859596e-05,0.0301175363999999,4.339267163222168e-05,0.9044096729048748,3
P25,4.0,5.0,EP4,768.3749084919418,1339.1304347826087,611.5101503913247,786.456792019934,0.4566471902272879,0.5737864576400864,1480.0,474.432,0.3205621621621621,1020.0,91.30434782608695,95.65217391304348,39.0625,11.5,0.0073210711094849,9.0,3.681421716960109e-06,8.789338819859596e-05,0.0301175363999999,4.339267163222168e-05,0.9044096729048748,3
P25,4.0,5.0,EP4,735.8894844562826,1232.0,567.3329416371542,750.5109370733159,0.4604975175626252,0.5973128932275021,1400.0,593.04,0.4236,1040.0,88.0,96.0,39.0625,12.5,0.0101850963291574,9.0,3.681421716960109e-06,8.789338819859596e-05,0.0301175363999999,4.339267163222168e-05,0.9044096729048748,3
P26,4.0,5.0,CN2,631.5413244154688,1501.0526315789473,501.2638996337392,647.3313745654015,0.3339415881150437,0.4207322988742604,1520.0,237.216,0.1560631578947368,360.0,89.47368421052632,89.47368421052632,960.9375,9.5,0.0044168592598393,6.0,0.0003549926354263,0.000219344408477,0.2901181331999995,0.0114151832737404,5.281872548081995,2
P26,4.0,5.0,CN2,1435.654819900927,1401.8181818181818,1011.1362602520676,1471.0877090163754,0.721303428195379,1.0241376795661603,1220.0,800.6039999999999,0.6562327868852459,1030.0,95.45454545454544,95.45454545454544,0.0,5.5,0.0007856977134537,6.0,0.0003549926354263,0.000219344408477,0.2901181331999995,0.0114151832737404,5.281872548081995,2
P26,4.0,5.0,CN2,862.6753129956682,1266.6666666666667,555.3429544897903,881.9991664646111,0.4384286482814133,0.681059457628159,1460.0,444.78,0.3046438356164383,930.0,95.83333333333334,95.83333333333334,78.125,8.0,0.006900604601262,6.0,0.0003549926354263,0.000219344408477,0.2901181331999995,0.0114151832737404,5.281872548081995,2
P26,4.0,5.0,CN2,709.822244683568,1358.1818181818182,485.755536827365,726.7618985216942,0.3576513323360786,0.5226268200481424,1440.0,444.78,0.3088749999999999,550.0,95.45454545454544,95.45454545454544,921.875,11.0,0.003278539115348,6.0,0.0003549926354263,0.000219344408477,0.2901181331999995,0.0114151832737404,5.281872548081995,2
P26,4.0,5.0,CN2,827.6582518275171,1297.391304347826,679.0181239467922,845.4144197525502,0.5233718783772192,0.6379403415560622,1480.0,533.736,0.3606324324324324,1020.0,86.95652173913044,86.95652173913044,0.0,7.666666666666667,0.0108715973230578,6.0,0.0003549926354263,0.000219344408477,0.2901181331999995,0.0114151832737404,5.281872548081995,2
P26,4.0,5.0,CN2,632.6854740634632,1325.2173913043478,489.3490069397152,647.4779576384864,0.3692594212471604,0.4774201411896211,1480.0,296.52,0.2003513513513513,600.0,86.95652173913044,91.30434782608695,1117.1875,7.666666666666667,0.0201319164569713,6.0,0.0003549926354263,0.000219344408477,0.2901181331999995,0.0114151832737404,5.281872548081995,2
P26,4.0,5.0,CN2,705.2396493128864,1068.571428571429,486.3599816453156,718.5962891503314,0.4551497154434771,0.6599836290361236,1140.0,681.996,0.5982421052631579,930.0,89.28571428571429,92.85714285714286,117.1875,9.333333333333334,0.0246875560614117,6.0,0.0003549926354263,0.000219344408477,0.2901181331999995,0.0114151832737404,5.281872548081995,2
P26,2.0,8.0,CP1,1193.4822998268555,1434.2857142857142,795.8176388380157,1224.1000991061062,0.5548529354448317,0.8321091731860547,1240.0,415.128,0.3347806451612903,640.0,85.71428571428571,95.23809523809524,757.8125,7.0,0.0035095208957191,5.0,0.0014876155654862,0.001551699528434,1.2525835056,0.1547904781812205,7.083629555750669,1
P26,2.0,8.0,CP1,884.447634994644,1370.909090909091,576.3837105767145,906.1861471758068,0.4204390461766485,0.6451541104072336,1420.0,326.172,0.2296985915492957,500.0,90.9090909090909,90.9090909090909,1156.25,7.333333333333333,0.0032867908750551,5.0,0.0014876155654862,0.001551699528434,1.2525835056,0.1547904781812205,7.083629555750669,1
P26,2.0,8.0,CP1,744.3117626371358,1291.428571428571,571.754192938589,763.6229436050229,0.442730016655987,0.5763476038119415,1560.0,474.432,0.3041230769230769,1080.0,90.47619047619048,95.23809523809524,117.1875,7.0,0.0016964469520045,5.0,0.0014876155654862,0.001551699528434,1.2525835056,0.1547904781812205,7.083629555750669,1
P26,2.0,8.0,CP1,808.4736418892268,1094.2857142857142,596.0078831906478,822.4568849704691,0.5446547235423674,0.7388140330580402,1000.0,770.952,0.770952,1010.0,85.71428571428571,92.85714285714286,1156.25,7.0,0.0079478750215067,5.0,0.0014876155654862,0.001551699528434,1.2525835056,0.1547904781812205,7.083629555750669,1
P26,2.0,8.0,CP1,703.2347619641556,1268.3333333333333,553.81417905967,716.9235988864616,0.4366471845411327,0.5544557912989401,1460.0,385.476,0.2640246575342466,830.0,91.66666666666666,95.83333333333334,1320.3125,8.0,0.0243538517197474,5.0,0.0014876155654862,0.001551699528434,1.2525835056,0.1547904781812205,7.083629555750669,1
P26,2.0,8.0,CP1,1079.5285166135343,1323.4782608695652,784.1069540662292,1102.6673681012442,0.5924592622708039,0.8156752917907784,1240.0,770.952,0.6217354838709678,920.0,95.65217391304348,95.65217391304348,78.125,11.5,0.0050458169673081,5.0,0.0014876155654862,0.001551699528434,1.2525835056,0.1547904781812205,7.083629555750669,1
P26,2.0,8.0,CP1,790.1208192997506,1259.1304347826087,566.4395421761368,808.6373552429867,0.4498656584962412,0.6275130816261831,1320.0,593.04,0.4492727272727272,920.0,95.65217391304348,95.65217391304348,1320.3125,7.666666666666667,0.0005867568389657,5.0,0.0014876155654862,0.001551699528434,1.2525835056,0.1547904781812205,7.083629555750669,1
P26,9.0,2.0,EN2,846.7398780337628,1554.0,579.6950196348712,869.0708892410996,0.3730341181691577,0.5448776563923827,1620.0,474.432,0.2928592592592592,520.0,85.0,95.0,1242.1875,10.0,0.0062585153266821,8.0,0.0004012587957489,0.001872067290346,0.2644958400000011,0.0073794450038936,4.5153186092019935,4
P26,9.0,2.0,EN2,716.7176644441769,1484.0,519.0923252228481,735.899815200205,0.3497926719830513,0.4829633857440545,1720.0,296.52,0.1723953488372092,480.0,80.0,90.0,1320.3125,5.0,0.0163174704285436,8.0,0.0004012587957489,0.001872067290346,0.2644958400000011,0.0073794450038936,4.5153186092019935,4
P26,9.0,2.0,EN2,864.1969472500836,1293.9130434782608,602.3721224567447,883.6700330285774,0.4655429709847153,0.6678941460602125,1480.0,355.824,0.2404216216216216,960.0,86.95652173913044,95.65217391304348,0.0,11.5,0.0031549361257951,8.0,0.0004012587957489,0.001872067290346,0.2644958400000011,0.0073794450038936,4.5153186092019935,4
P26,9.0,2.0,EN2,709.2433199942892,1226.6666666666667,514.2378629682426,723.3475102282164,0.4192156491588933,0.5781874891257792,1420.0,415.128,0.292343661971831,990.0,95.83333333333334,95.83333333333334,1039.0625,8.0,0.0116744552746038,8.0,0.0004012587957489,0.001872067290346,0.2644958400000011,0.0073794450038936,4.5153186092019935,4
P26,9.0,2.0,EN2,616.4414002968977,1474.2857142857142,491.0862595163036,632.2424584886636,0.3331011450207485,0.4181288567905313,1560.0,355.824,0.2280923076923076,320.0,95.23809523809524,95.23809523809524,1117.1875,7.0,0.0070442847584105,8.0,0.0004012587957489,0.001872067290346,0.2644958400000011,0.0073794450038936,4.5153186092019935,4
P26,9.0,2.0,EN2,865.2921095113537,1290.0,640.0271733361761,884.723221050297,0.4961450956094388,0.6707690771405843,1320.0,474.432,0.3594181818181818,540.0,91.66666666666666,95.83333333333334,0.0,8.0,0.0054860161928451,8.0,0.0004012587957489,0.001872067290346,0.2644958400000011,0.0073794450038936,4.5153186092019935,4
P26,9.0,2.0,EN2,740.1415566021974,1354.5454545454545,532.1361021100065,758.4194090343416,0.392852155920139,0.5464132297063202,1500.0,415.128,0.276752,700.0,81.81818181818183,90.9090909090909,1398.4375,7.333333333333333,0.0081644991466133,8.0,0.0004012587957489,0.001872067290346,0.2644958400000011,0.0073794450038936,4.5153186092019935,4
P26,6.0,9.0,EP3,776.7999625503221,1288.695652173913,566.7074309138397,794.9733857071468,0.4397527297914411,0.6027799979304119,1320.0,593.04,0.4492727272727272,780.0,91.30434782608695,95.65217391304348,78.125,7.666666666666667,0.0103231660520156,7.0,1.4319723912228886e-05,0.0001031588819456,0.1821463056000001,0.0019275271823903,2.842676817562717,3
P26,6.0,9.0,EP3,921.7808850263712,1483.809523809524,714.9718609181496,945.7250073217288,0.4818488151245552,0.621225885287349,1560.0,296.52,0.190076923076923,400.0,90.47619047619048,95.23809523809524,39.0625,10.5,0.0090273926657792,7.0,1.4319723912228886e-05,0.0001031588819456,0.1821463056000001,0.0019275271823903,2.842676817562717,3
P26,6.0,9.0,EP3,628.3462800232429,1345.4545454545455,477.061713814763,643.4371986227005,0.3545728954028643,0.4670141270443022,1460.0,266.868,0.182786301369863,560.0,81.81818181818183,86.36363636363636,1234.375,5.5,0.008682330335147,7.0,1.4319723912228886e-05,0.0001031588819456,0.1821463056000001,0.0019275271823903,2.842676817562717,3
P26,6.0,9.0,EP3,840.0414068469431,1275.0,556.174823938129,858.3245007668143,0.4362155481867678,0.6588560053701514,1340.0,622.692,0.4646955223880597,1070.0,95.83333333333334,95.83333333333334,914.0625,8.0,0.0164912131849443,7.0,1.4319723912228886e-05,0.0001031588819456,0.1821463056000001,0.0019275271823903,2.842676817562717,3
P26,6.0,9.0,EP3,895.2549812659416,1090.0,538.3789110392901,912.247779605964,0.4939256064580642,0.8213348451981116,1200.0,741.3,0.6177499999999999,1050.0,96.42857142857144,96.42857142857144,78.125,9.333333333333334,0.0077834940001853,7.0,1.4319723912228886e-05,0.0001031588819456,0.1821463056000001,0.0019275271823903,2.842676817562717,3
P26,6.0,9.0,EP3,810.1734088335363,1352.7272727272727,566.5785518454219,829.168257954922,0.4188416713911049,0.5989185145946841,1500.0,474.432,0.3162879999999999,620.0,90.9090909090909,95.45454545454544,1078.125,7.333333333333333,0.0019016990112804,7.0,1.4319723912228886e-05,0.0001031588819456,0.1821463056000001,0.0019275271823903,2.842676817562717,3
P26,6.0,9.0,EP3,1010.3134827039246,1238.4,693.6358314466365,1032.030501740011,0.5601064530415346,0.8158216107105334,1280.0,593.04,0.4633124999999999,920.0,92.0,96.0,1320.3125,6.25,0.003247946587275,7.0,1.4319723912228886e-05,0.0001031588819456,0.1821463056000001,0.0019275271823903,2.842676817562717,3
P27,2.0,1.0,CN2,1466.2423628672943,1875.0,1132.5840660483736,1517.280775723779,0.6040448352257993,0.7819959268625569,1460.0,652.3439999999999,0.4468109589041095,710.0,87.5,93.75,718.75,8.0,0.0001296913931208,4.0,6.048086515075776e-05,3.1315202429993807e-06,0.4004472947999999,0.0234089001443429,1.6690088656567428,2
P27,2.0,1.0,CN2,793.0901588091987,1184.6153846153843,572.1064989613789,809.4376648842907,0.4829470445777873,0.6694916925012716,1060.0,681.996,0.6433924528301886,990.0,88.46153846153845,92.3076923076923,359.375,8.666666666666666,0.0215685652834583,4.0,6.048086515075776e-05,3.1315202429993807e-06,0.4004472947999999,0.0234089001443429,1.6690088656567428,2
P27,2.0,1.0,CN2,857.3713981033624,1301.8181818181818,665.3007652371281,873.5346914363831,0.5110550570955593,0.6585953477050969,1140.0,681.996,0.5982421052631579,1080.0,77.27272727272727,86.36363636363636,39.0625,11.0,0.0024733592642748,4.0,6.048086515075776e-05,3.1315202429993807e-06,0.4004472947999999,0.0234089001443429,1.6690088656567428,2
P27,2.0,1.0,CN2,898.7945143064507,1512.0,774.933613455474,922.508656990395,0.5125222311213452,0.5944408163402451,1280.0,504.084,0.3938156249999999,720.0,90.0,95.0,445.3125,10.0,0.0002537177726166,4.0,6.048086515075776e-05,3.1315202429993807e-06,0.4004472947999999,0.0234089001443429,1.6690088656567428,2
P27,2.0,1.0,CN2,1477.547517566412,1742.5,1266.5096393895574,1512.1501563132197,0.7268348002235624,0.847946925432661,1440.0,978.516,0.6795249999999999,1230.0,93.75,93.75,1718.75,8.0,0.0009101541083929,4.0,6.048086515075776e-05,3.1315202429993807e-06,0.4004472947999999,0.0234089001443429,1.6690088656567428,2
P27,2.0,1.0,CN2,922.8600046785504,1651.111111111111,620.558466590793,951.1108056929448,0.3758429474641411,0.5589327080825676,1760.0,563.3879999999999,0.3201068181818181,710.0,88.88888888888889,88.88888888888889,1281.25,9.0,0.0005276937718643,4.0,6.048086515075776e-05,3.1315202429993807e-06,0.4004472947999999,0.0234089001443429,1.6690088656567428,2
P27,2.0,1.0,CN2,844.2522755444043,1358.1818181818182,569.6417952466048,865.0813339135889,0.4194149764198562,0.6216047544168973,1340.0,711.6479999999999,0.5310805970149253,900.0,95.45454545454544,95.45454545454544,39.0625,11.0,0.0015047579722141,4.0,6.048086515075776e-05,3.1315202429993807e-06,0.4004472947999999,0.0234089001443429,1.6690088656567428,2
P27,1.0,6.0,CP2,910.0249746822636,1335.6521739130435,583.4990541938001,930.2776199696788,0.4368645262518685,0.6813338026592468,1600.0,593.04,0.37065,940.0,91.30434782608695,91.30434782608695,554.6875,11.5,0.0029078443740228,4.0,6.369260742327708e-05,0.0009508452737526,0.1064884863000001,0.0013495342883058,1.4502891174409855,1
P27,1.0,6.0,CP2,751.1929905762627,1304.3478260869565,527.6002798861732,768.2193950695588,0.4044935479127328,0.5759146261084681,1240.0,533.736,0.4304322580645161,780.0,91.30434782608695,91.30434782608695,398.4375,11.5,0.0035464302162076,4.0,6.369260742327708e-05,0.0009508452737526,0.1064884863000001,0.0013495342883058,1.4502891174409855,1
P27,1.0,6.0,CP2,685.6980517558864,1257.391304347826,521.0934080574698,700.2906013983954,0.4144242180263418,0.5453338585887063,1320.0,652.3439999999999,0.4942,840.0,86.95652173913044,95.65217391304348,0.0,11.5,0.0080563750205463,4.0,6.369260742327708e-05,0.0009508452737526,0.1064884863000001,0.0013495342883058,1.4502891174409855,1
P27,1.0,6.0,CP2,853.1439183716575,1332.1739130434785,613.1213473377557,873.0937181612526,0.4602412202600646,0.6404148212319883,1360.0,711.6479999999999,0.523270588235294,800.0,95.65217391304348,95.65217391304348,39.0625,11.5,0.0042055579784678,4.0,6.369260742327708e-05,0.0009508452737526,0.1064884863000001,0.0013495342883058,1.4502891174409855,1
P27,1.0,6.0,CP2,1070.3270528207722,1762.3529411764705,717.7005765965769,1103.38871965716,0.4072399800447866,0.6073284345111191,1920.0,355.824,0.185325,1000.0,88.23529411764706,94.11764705882352,78.125,8.5,0.0002006599404135,4.0,6.369260742327708e-05,0.0009508452737526,0.1064884863000001,0.0013495342883058,1.4502891174409855,1
P27,1.0,6.0,CP2,714.0155333171554,1335.6521739130435,467.3700702962222,729.2147232154002,0.3499189979431351,0.5345819422621931,1280.0,593.04,0.4633124999999999,780.0,91.30434782608695,91.30434782608695,164.0625,11.5,0.0054600618586923,4.0,6.369260742327708e-05,0.0009508452737526,0.1064884863000001,0.0013495342883058,1.4502891174409855,1
P27,1.0,6.0,CP2,1239.1610064878575,1405.7142857142858,821.1490207542809,1271.2463838379454,0.584150726146338,0.8815169761600612,1200.0,593.04,0.4942,880.0,95.23809523809524,95.23809523809524,835.9375,7.0,0.0034521375238388,4.0,6.369260742327708e-05,0.0009508452737526,0.1064884863000001,0.0013495342883058,1.4502891174409855,1
P27,3.0,2.0,EN1,830.5371755677165,1189.2307692307693,638.2533859020136,844.8842129743775,0.5366943089732327,0.6983818423273166,1060.0,830.256,0.7832603773584905,1100.0,92.3076923076923,96.15384615384616,117.1875,13.0,0.0094722687972428,5.0,0.0001199438944905,0.000283111703396,0.2080577058,0.0019796415244303,1.497472575895878,4
P27,3.0,2.0,EN1,892.5289911257785,1146.1538461538462,591.1282562901349,910.0183148340112,0.5157494853538089,0.7787165694385987,1040.0,800.6039999999999,0.7698115384615384,1060.0,96.15384615384616,96.15384615384616,0.0,5.2,0.0013562986205099,5.0,0.0001199438944905,0.000283111703396,0.2080577058,0.0019796415244303,1.497472575895878,4
P27,3.0,2.0,EN1,998.284242373598,1372.7272727272727,649.3819905856412,1020.2446018573428,0.4730597282411956,0.7272269315304356,1500.0,919.212,0.612808,1040.0,95.45454545454544,95.45454545454544,0.0,11.0,0.0024315876912616,5.0,0.0001199438944905,0.000283111703396,0.2080577058,0.0019796415244303,1.497472575895878,4
P27,3.0,2.0,EN1,743.5308300521878,1392.7272727272727,589.383712171587,761.4022152143591,0.4231867385044032,0.5338667839800304,1580.0,859.9079999999999,0.5442455696202531,1010.0,86.36363636363636,95.45454545454544,0.0,7.333333333333333,0.001646072496011,5.0,0.0001199438944905,0.000283111703396,0.2080577058,0.0019796415244303,1.497472575895878,4
P27,3.0,2.0,EN1,1170.1037805010533,1325.4545454545455,835.1602485108117,1196.455081440487,0.630093465954659,0.8827943474287782,1340.0,948.864,0.7081074626865671,1050.0,95.45454545454544,95.45454545454544,0.0,11.0,0.0050364838814886,5.0,0.0001199438944905,0.000283111703396,0.2080577058,0.0019796415244303,1.497472575895878,4
P27,3.0,2.0,EN1,1002.5966287595426,1464.7619047619048,677.4630546946383,1028.6403903364765,0.4625072870151952,0.6844775423911051,1480.0,711.6479999999999,0.4808432432432432,1000.0,85.71428571428571,90.47619047619048,320.3125,10.5,0.0009149486702585,5.0,0.0001199438944905,0.000283111703396,0.2080577058,0.0019796415244303,1.497472575895878,4
P27,3.0,2.0,EN1,656.7089664887078,1233.6,486.1659524620511,670.7793434030536,0.3941033985587315,0.5323516265310537,1280.0,533.736,0.4169812499999999,680.0,84.0,84.0,593.75,8.333333333333334,0.0288282148768741,5.0,0.0001199438944905,0.000283111703396,0.2080577058,0.0019796415244303,1.497472575895878,4
P27,8.0,7.0,EP4,736.4177558363942,1557.8947368421052,517.6826456792104,757.736567602721,0.3322962928346283,0.4727005865166044,1680.0,415.128,0.2471,520.0,84.21052631578947,94.73684210526316,0.0,9.5,0.0030599552952655,14.0,0.0004192086708565,0.0021900082680166,0.1467625740000002,0.00623118560595,1.8256114196928035,3
P27,8.0,7.0,EP4,789.5508065922523,1329.090909090909,552.5948235018484,808.8981335595913,0.4157690190506383,0.5940532744538151,1320.0,652.3439999999999,0.4942,800.0,95.45454545454544,95.45454545454544,1476.5625,7.333333333333333,0.0131374217642871,14.0,0.0004192086708565,0.0021900082680166,0.1467625740000002,0.00623118560595,1.8256114196928035,3
P27,8.0,7.0,EP4,927.3618495495704,1323.4782608695652,683.0853047730114,949.1832898597182,0.5161288439480703,0.7007004776491498,1360.0,770.952,0.5668764705882353,900.0,95.65217391304348,95.65217391304348,0.0,7.666666666666667,0.0016119181490327,14.0,0.0004192086708565,0.0021900082680166,0.1467625740000002,0.00623118560595,1.8256114196928035,3
P27,8.0,7.0,EP4,973.2762540341084,1184.0,627.8003929063228,994.2078632571354,0.5302368183330429,0.8220238632044836,1160.0,770.952,0.6646137931034483,880.0,96.0,96.0,234.375,6.25,0.0148719766662344,14.0,0.0004192086708565,0.0021900082680166,0.1467625740000002,0.00623118560595,1.8256114196928035,3
P27,8.0,7.0,EP4,828.618546529206,1253.3333333333333,523.2230106183976,847.174331425408,0.4174651680465938,0.6611318190392601,1400.0,593.04,0.4236,960.0,95.83333333333334,95.83333333333334,1437.5,8.0,0.0123397699485699,14.0,0.0004192086708565,0.0021900082680166,0.1467625740000002,0.00623118560595,1.8256114196928035,3
P27,8.0,7.0,EP4,881.3974917490624,1106.6666666666667,525.0640986511148,898.7156647982978,0.4744555108293206,0.796443516640719,1120.0,770.952,0.68835,940.0,96.29629629629628,96.29629629629628,78.125,13.5,0.0639974393436724,14.0,0.0004192086708565,0.0021900082680166,0.1467625740000002,0.00623118560595,1.8256114196928035,3
P27,8.0,7.0,EP4,800.2499609497023,1390.4761904761904,604.3713774698152,819.4349786349899,0.4346506481803466,0.5755222321898544,1480.0,593.04,0.4007027027027027,1040.0,95.23809523809524,95.23809523809524,0.0,7.0,0.0068237725300057,14.0,0.0004192086708565,0.0021900082680166,0.1467625740000002,0.00623118560595,1.8256114196928035,3
P28,4.0,2.0,CN1,984.4389264956968,1417.142857142857,706.8319662914438,1009.0036774227492,0.4987725568588817,0.694664565067528,1240.0,830.256,0.6695612903225806,1000.0,90.47619047619048,95.23809523809524,125.0,10.5,0.000367801813632,10.0,1.3793760370217033e-05,0.000429056462834,0.023706774,8.16460877306808e-05,0.3537397654018931,2
P28,4.0,2.0,CN1,805.883129893919,1338.1818181818182,567.2627371747707,825.7475689452847,0.4239055780517987,0.6022224476109449,1340.0,652.3439999999999,0.4868238805970148,820.0,90.9090909090909,95.45454545454544,1359.375,7.333333333333333,0.0010800385827641,10.0,1.3793760370217033e-05,0.000429056462834,0.023706774,8.16460877306808e-05,0.3537397654018931,2
P28,4.0,2.0,CN1,1019.910869546051,1337.391304347826,713.7940713431185,1043.0342018938527,0.5337211846843865,0.7626121586332631,1360.0,889.56,0.6540882352941176,1220.0,95.65217391304348,95.65217391304348,1593.75,7.666666666666667,0.0060883767733213,10.0,1.3793760370217033e-05,0.000429056462834,0.023706774,8.16460877306808e-05,0.3537397654018931,2
P28,4.0,2.0,CN1,759.5988916464242,1356.3636363636365,595.3354033015695,778.2373245568048,0.4389202035065191,0.5600259925007149,1500.0,770.952,0.513968,970.0,81.81818181818183,90.9090909090909,0.0,7.333333333333333,0.0102354654283526,10.0,1.3793760370217033e-05,0.000429056462834,0.023706774,8.16460877306808e-05,0.3537397654018931,2
P28,4.0,2.0,CN1,1021.6848829262376,1760.0,669.3280212272605,1057.4146368788895,0.3803000120609434,0.5805027743899078,1660.0,593.04,0.3572530120481927,780.0,81.25,93.75,757.8125,8.0,0.0002926715405272,10.0,1.3793760370217033e-05,0.000429056462834,0.023706774,8.16460877306808e-05,0.3537397654018931,2
P28,4.0,2.0,CN1,1064.6901978469157,1258.3333333333333,736.9954673134562,1088.2919859303918,0.5856917621034089,0.8461114155074827,1240.0,948.864,0.7652129032258064,1060.0,91.66666666666666,95.83333333333334,156.25,8.0,0.0083079202457905,10.0,1.3793760370217033e-05,0.000429056462834,0.023706774,8.16460877306808e-05,0.3537397654018931,2
P28,4.0,2.0,CN1,859.2632503100161,1195.2,529.4424740548621,877.3725598032185,0.4429739575425553,0.7189284222808033,1320.0,533.736,0.4043454545454545,720.0,88.0,92.0,1117.1875,6.25,0.0092552530633511,10.0,1.3793760370217033e-05,0.000429056462834,0.023706774,8.16460877306808e-05,0.3537397654018931,2
P28,6.0,6.0,CP3,1002.7517694380356,1528.421052631579,753.4901249658502,1026.9060072433203,0.4929859633041031,0.6560703725662078,1520.0,593.04,0.3901578947368421,640.0,84.21052631578947,89.47368421052632,757.8125,9.5,0.0064957646880786,12.0,2.5781998292683096e-05,0.0041378867660175,0.0159942888,5.196023177145954e-05,0.6682113148897324,1
P28,6.0,6.0,CP3,790.9892540357296,1127.6923076923076,579.1048795671313,807.2934204282027,0.513530930039066,0.7014229401408244,1020.0,681.996,0.6686235294117647,810.0,88.46153846153845,92.3076923076923,0.0,8.666666666666666,0.0071891044228057,12.0,2.5781998292683096e-05,0.0041378867660175,0.0159942888,5.196023177145954e-05,0.6682113148897324,1
P28,6.0,6.0,CP3,1215.771360083795,1607.0588235294117,874.8983134190678,1255.576892640723,0.5444096386575459,0.7565195139613656,1600.0,652.3439999999999,0.4077149999999999,800.0,94.11764705882352,94.11764705882352,718.75,8.5,0.0004940881597564,12.0,2.5781998292683096e-05,0.0041378867660175,0.0159942888,5.196023177145954e-05,0.6682113148897324,1
P28,6.0,6.0,CP3,1028.3260890663746,1246.9565217391305,639.5057379983439,1048.4042708571512,0.5128532766374445,0.8246687604088778,1400.0,711.6479999999999,0.5083199999999999,1100.0,95.65217391304348,95.65217391304348,78.125,7.666666666666667,0.0662238960849974,12.0,2.5781998292683096e-05,0.0041378867660175,0.0159942888,5.196023177145954e-05,0.6682113148897324,1
P28,6.0,6.0,CP3,919.6795780682472,1536.0,643.0715766005981,942.6502393169008,0.4186663910160144,0.5987497253048485,1640.0,622.692,0.379690243902439,840.0,95.0,95.0,1273.4375,10.0,0.023417284005488,12.0,2.5781998292683096e-05,0.0041378867660175,0.0159942888,5.196023177145954e-05,0.6682113148897324,1
P28,6.0,6.0,CP3,931.4266238172256,1543.157894736842,661.7573626470232,958.4191777408452,0.4288332159035962,0.6035847835104805,1880.0,474.432,0.2523574468085106,1020.0,84.21052631578947,94.73684210526316,1515.625,9.5,0.0004625541266265,12.0,2.5781998292683096e-05,0.0041378867660175,0.0159942888,5.196023177145954e-05,0.6682113148897324,1
P28,6.0,6.0,CP3,1035.609461390605,1186.6666666666667,698.885240729939,1058.452894390803,0.5889482365701733,0.8727046022954537,1060.0,681.996,0.6433924528301886,910.0,87.5,91.66666666666666,156.25,12.0,0.0019406290464166,12.0,2.5781998292683096e-05,0.0041378867660175,0.0159942888,5.196023177145954e-05,0.6682113148897324,1
P28,4.0,3.0,EN1,1395.4497482890597,1390.4761904761904,956.0673417206352,1431.5821207395168,0.6875826772648405,1.0035768737695294,1080.0,652.3439999999999,0.6040222222222221,760.0,90.47619047619048,95.23809523809524,640.625,7.0,0.0002111121585136,8.0,4.751867206160807e-06,0.0003461794670564,0.0173345591999999,1.1270087647775306e-05,0.2746128628990952,4
P28,4.0,3.0,EN1,994.6858800646564,1649.4117647058824,774.2776519782431,1026.839812239475,0.4694265365060674,0.6030549201533223,1600.0,474.432,0.2965199999999999,600.0,88.23529411764706,88.23529411764706,1523.4375,8.5,0.0022994269669739,8.0,4.751867206160807e-06,0.0003461794670564,0.0173345591999999,1.1270087647775306e-05,0.2746128628990952,4
P28,4.0,3.0,EN1,943.2668662432604,1310.909090909091,674.3102937775548,966.1745873978124,0.5143837192477879,0.7195517010177437,1300.0,741.3,0.5702307692307692,900.0,95.45454545454544,95.45454545454544,117.1875,11.0,0.0004020570717161,8.0,4.751867206160807e-06,0.0003461794670564,0.0173345591999999,1.1270087647775306e-05,0.2746128628990952,4
P28,4.0,3.0,EN1,838.3944555863277,1536.0,568.1215585270091,861.3439790771151,0.3698708063326882,0.5458297236890154,1680.0,326.172,0.19415,420.0,95.0,95.0,1156.25,6.666666666666667,0.0076116922585009,8.0,4.751867206160807e-06,0.0003461794670564,0.0173345591999999,1.1270087647775306e-05,0.2746128628990952,4
P28,4.0,3.0,EN1,811.566386686881,1398.095238095238,669.3849344556468,832.6267881956793,0.4787835021651424,0.5804800449735865,1440.0,770.952,0.5353833333333333,1040.0,90.47619047619048,90.47619047619048,273.4375,10.5,0.0021388229417834,8.0,4.751867206160807e-06,0.0003461794670564,0.0173345591999999,1.1270087647775306e-05,0.2746128628990952,4
P28,4.0,3.0,EN1,862.8634499927166,1228.8,552.7531094439904,881.0994449459481,0.4498316320344974,0.7022000732362603,1240.0,830.256,0.6695612903225806,1080.0,92.0,96.0,1359.375,6.25,0.0378778016052256,8.0,4.751867206160807e-06,0.0003461794670564,0.0173345591999999,1.1270087647775306e-05,0.2746128628990952,4
P28,4.0,3.0,EN1,1120.3967551224382,1562.1052631578948,779.7975445757161,1152.8787498105366,0.4991965413389018,0.717235119519081,1560.0,652.3439999999999,0.4181692307692307,680.0,94.73684210526316,94.73684210526316,39.0625,9.5,0.001092981885527,8.0,4.751867206160807e-06,0.0003461794670564,0.0173345591999999,1.1270087647775306e-05,0.2746128628990952,4
P28,3.0,4.0,EP3,1667.1618312055286,1917.3333333333333,1298.831709469633,1730.0041288142309,0.6774157038263039,0.8695211219778488,1600.0,1126.7759999999998,0.7042349999999999,1580.0,93.33333333333331,93.33333333333331,1234.375,7.5,0.0006513776451612,12.0,1.0265661871794763e-05,0.000385191577453,0.019548081,4.45749213691999e-05,0.3471961115073306,3
P28,3.0,4.0,EP3,1096.0129764033109,1538.9473684210527,835.2637290556937,1121.0079498065177,0.5427500291401566,0.7121835345985945,1480.0,948.864,0.6411243243243243,1160.0,94.73684210526316,94.73684210526316,78.125,9.5,0.0026535108661557,12.0,1.0265661871794763e-05,0.000385191577453,0.019548081,4.45749213691999e-05,0.3471961115073306,3
P28,3.0,4.0,EP3,1809.3092604637827,1920.0,1203.2337381288096,1877.4591199950928,0.626684238608755,0.9423485731582202,1600.0,1067.472,0.66717,1260.0,93.33333333333331,93.33333333333331,0.0,7.5,0.0008896550387568,12.0,1.0265661871794763e-05,0.000385191577453,0.019548081,4.45749213691999e-05,0.3471961115073306,3
P28,3.0,4.0,EP3,988.2509802676644,1887.5,881.8427675423021,1022.6985777600264,0.4672014662475773,0.5235766782875044,1840.0,504.084,0.2739586956521739,710.0,87.5,93.75,0.0,16.0,0.0001042400970336,12.0,1.0265661871794763e-05,0.000385191577453,0.019548081,4.45749213691999e-05,0.3471961115073306,3
P28,3.0,4.0,EP3,972.6664381996532,1398.095238095238,678.2891643511567,995.4930013764404,0.485152331450078,0.6957082834534305,1360.0,948.864,0.6976941176470588,1240.0,90.47619047619048,95.23809523809524,273.4375,10.5,0.0023682535844108,12.0,1.0265661871794763e-05,0.000385191577453,0.019548081,4.45749213691999e-05,0.3471961115073306,3
P28,3.0,4.0,EP3,949.7257221789988,1482.0,727.0386944020894,975.6904887435162,0.4905794159258363,0.6408405682719291,1520.0,533.736,0.3511421052631578,760.0,95.0,95.0,796.875,10.0,0.009814267553898,12.0,1.0265661871794763e-05,0.000385191577453,0.019548081,4.45749213691999e-05,0.3471961115073306,3
P28,3.0,4.0,EP3,1064.3307756520055,1960.0,667.6183683170242,1104.4445672815823,0.3406216164882776,0.5430259059449009,1760.0,296.52,0.1684772727272727,500.0,93.33333333333331,93.33333333333331,281.25,7.5,4.7830563592641775e-05,12.0,1.0265661871794763e-05,0.000385191577453,0.019548081,4.45749213691999e-05,0.3471961115073306,3
P29,2.0,5.0,CN1,743.0182975379479,1274.5454545454545,611.1716092315937,761.207061499163,0.4795212340618781,0.5829672805219277,1300.0,770.952,0.59304,1010.0,90.9090909090909,95.45454545454544,1718.75,11.0,0.0222620091567433,6.0,2.208395806585642e-05,0.0039987552804017,0.0111713909999999,5.1041230293449e-05,0.6167429225485357,2
P29,2.0,5.0,CN1,840.6208885465966,1295.0,565.4163529417176,859.5062467151082,0.4366149443565387,0.6491280992637811,1280.0,711.6479999999999,0.5559749999999999,970.0,87.5,87.5,757.8125,8.0,0.0057049367875416,6.0,2.208395806585642e-05,0.0039987552804017,0.0111713909999999,5.1041230293449e-05,0.6167429225485357,2
P29,2.0,5.0,CN1,917.9423630153376,1293.9130434782608,618.2213426099895,937.6548068434016,0.4777920322590645,0.7094312617390043,1240.0,593.04,0.478258064516129,880.0,86.95652173913044,95.65217391304348,437.5,7.666666666666667,0.003459708429741,6.0,2.208395806585642e-05,0.0039987552804017,0.0111713909999999,5.1041230293449e-05,0.6167429225485357,2
P29,2.0,5.0,CN1,1314.534138012399,1657.7777777777778,808.9176178192071,1353.939784915293,0.4879529866201651,0.7929495470584174,1680.0,415.128,0.2471,530.0,88.88888888888889,94.44444444444444,1078.125,9.0,0.0027770095625791,6.0,2.208395806585642e-05,0.0039987552804017,0.0111713909999999,5.1041230293449e-05,0.6167429225485357,2
P29,2.0,5.0,CN1,1213.4661099511598,1687.0588235294117,869.50966574474,1252.8128351832927,0.5153997321360035,0.7192790749361826,1640.0,770.952,0.4700926829268292,960.0,88.23529411764706,94.11764705882352,1562.5,8.5,0.0004826904656379,6.0,2.208395806585642e-05,0.0039987552804017,0.0111713909999999,5.1041230293449e-05,0.6167429225485357,2
P29,2.0,5.0,CN1,829.9188016856253,1208.3333333333333,598.0814737770786,847.748937403973,0.494963978298272,0.6868293531191383,1080.0,711.6479999999999,0.6589333333333333,1110.0,87.5,95.83333333333334,195.3125,12.0,0.0014937901694613,6.0,2.208395806585642e-05,0.0039987552804017,0.0111713909999999,5.1041230293449e-05,0.6167429225485357,2
P29,2.0,5.0,CN1,1009.514734909798,1392.3809523809523,669.4020074805928,1035.3966948901632,0.4807606756871563,0.7250276823907579,1440.0,770.952,0.5353833333333333,1280.0,95.23809523809524,95.23809523809524,0.0,7.0,0.005663518345353,6.0,2.208395806585642e-05,0.0039987552804017,0.0111713909999999,5.1041230293449e-05,0.6167429225485357,2
P29,8.0,8.0,CP2,739.5133534967438,1380.952380952381,613.9210434730574,756.5461686263158,0.4445635142391105,0.5355096697735041,1480.0,711.6479999999999,0.4808432432432432,800.0,95.23809523809524,95.23809523809524,1117.1875,10.5,0.0031617375364603,10.0,5.796525544257714e-05,0.0029050513057987,0.0276356639999999,0.0001737299848008,0.8746950206040015,1
P29,8.0,8.0,CP2,1192.6860441876563,1760.0,913.23600454647,1229.8265460353884,0.5188840934923125,0.677662525106623,1560.0,830.256,0.5322153846153846,1080.0,94.11764705882352,94.11764705882352,0.0,17.0,0.0004236267344462,10.0,5.796525544257714e-05,0.0029050513057987,0.0276356639999999,0.0001737299848008,0.8746950206040015,1
P29,8.0,8.0,CP2,1379.143344122127,1333.9130434782608,906.5907121560364,1411.596989443538,0.6796475351886844,1.0339079828816469,1160.0,711.6479999999999,0.6134896551724137,860.0,95.65217391304348,95.65217391304348,0.0,11.5,0.0044366429377162,10.0,5.796525544257714e-05,0.0029050513057987,0.0276356639999999,0.0001737299848008,0.8746950206040015,1
P29,8.0,8.0,CP2,1389.6042602122377,1776.470588235294,970.6759318670072,1425.6320235834585,0.5464069815145404,0.7822275636956304,1760.0,474.432,0.2695636363636363,600.0,94.11764705882352,94.11764705882352,0.0,8.5,0.0002436286141531,10.0,5.796525544257714e-05,0.0029050513057987,0.0276356639999999,0.0001737299848008,0.8746950206040015,1
P29,8.0,8.0,CP2,1302.5445183264264,1498.9473684210527,864.6508269998815,1339.087583228056,0.5768386837428984,0.8689728177037255,1440.0,830.256,0.5765666666666667,1000.0,89.47368421052632,94.73684210526316,0.0,19.0,0.0016722022169243,10.0,5.796525544257714e-05,0.0029050513057987,0.0276356639999999,0.0001737299848008,0.8746950206040015,1
P29,8.0,8.0,CP2,1210.5462495180525,1629.4736842105262,783.1380869028749,1245.5074824700528,0.4806079990683017,0.7429062900789081,1360.0,593.04,0.4360588235294117,800.0,89.47368421052632,89.47368421052632,718.75,9.5,0.001803215003558,10.0,5.796525544257714e-05,0.0029050513057987,0.0276356639999999,0.0001737299848008,0.8746950206040015,1
P29,8.0,8.0,CP2,855.3517794841293,1512.5,660.7016472407698,885.0246162839604,0.4368275353657982,0.5655218376754574,1580.0,652.3439999999999,0.4128759493670885,840.0,93.75,93.75,1718.75,8.0,0.0009654231886016,10.0,5.796525544257714e-05,0.0029050513057987,0.0276356639999999,0.0001737299848008,0.8746950206040015,1
P29,5.0,3.0,EN3,983.689201142538,1461.0526315789473,713.8463477437806,1011.9495195242496,0.4885835953577749,0.6732743091393452,1680.0,889.56,0.5295,1100.0,94.73684210526316,94.73684210526316,203.125,9.5,0.0004787870676171,19.0,1.612964740138371e-05,6.840636521673018e-06,0.1511036267999999,0.0011226258981687,0.8657475954601532,4
P29,5.0,3.0,EN3,970.0609165501834,1292.1739130434785,703.8010858043959,992.3848576170968,0.5446643665377223,0.750720090196979,1560.0,948.864,0.6082461538461538,1140.0,95.65217391304348,95.65217391304348,1359.375,7.666666666666667,0.0273216866100027,19.0,1.612964740138371e-05,6.840636521673018e-06,0.1511036267999999,0.0011226258981687,0.8657475954601532,4
P29,5.0,3.0,EN3,960.8746016000216,1413.3333333333333,658.4021061124679,985.817320538488,0.4658505467776895,0.6798641049056756,1320.0,830.256,0.6289818181818182,960.0,90.47619047619048,95.23809523809524,359.375,10.5,0.0019623627316696,19.0,1.612964740138371e-05,6.840636521673018e-06,0.1511036267999999,0.0011226258981687,0.8657475954601532,4
P29,5.0,3.0,EN3,923.038460737146,1785.8823529411766,614.8074782353559,953.0862150578683,0.3442597868906801,0.5168528930346339,1920.0,474.432,0.2471,760.0,82.35294117647058,88.23529411764706,1039.0625,8.5,0.0008416799965131,19.0,1.612964740138371e-05,6.840636521673018e-06,0.1511036267999999,0.0011226258981687,0.8657475954601532,4
P29,5.0,3.0,EN3,786.5052296014796,1321.8181818181818,578.6654298069651,805.2447128786675,0.4377798987535499,0.595017711527942,1440.0,770.952,0.5353833333333333,870.0,90.9090909090909,90.9090909090909,0.0,11.0,0.0037724194692032,19.0,1.612964740138371e-05,6.840636521673018e-06,0.1511036267999999,0.0011226258981687,0.8657475954601532,4
P29,5.0,3.0,EN3,998.0781532525396,1466.6666666666667,666.7333300003332,1023.603541673394,0.454590906818409,0.6805078317630952,1480.0,593.04,0.4007027027027027,680.0,90.47619047619048,95.23809523809524,39.0625,10.5,0.004111868160471,19.0,1.612964740138371e-05,6.840636521673018e-06,0.1511036267999999,0.0011226258981687,0.8657475954601532,4
P29,5.0,3.0,EN3,1281.769610083393,1629.4736842105262,785.0652745983082,1318.9122077548247,0.4817907046953442,0.786615716782444,1800.0,533.736,0.29652,820.0,94.73684210526316,94.73684210526316,1437.5,9.5,0.0014339296088335,19.0,1.612964740138371e-05,6.840636521673018e-06,0.1511036267999999,0.0011226258981687,0.8657475954601532,4
P29,6.0,4.0,EP4,902.8842672236568,1335.6521739130435,672.5516275347229,923.5898341894964,0.503538002386023,0.6759875698614619,1600.0,652.3439999999999,0.4077149999999999,1260.0,86.95652173913044,95.65217391304348,0.0,11.5,0.003008042688081,4.0,0.0002354433150329,0.0042092598968944,0.1342627733999997,0.0039996888335905,1.7798377642026415,3
P29,6.0,4.0,EP4,1248.4171796901285,1321.7391304347825,775.3922888325804,1276.7328433336213,0.5866454816825445,0.9445261556866104,1480.0,652.3439999999999,0.4407729729729729,1260.0,95.65217391304348,95.65217391304348,0.0,7.666666666666667,0.003433486852843,4.0,0.0002354433150329,0.0042092598968944,0.1342627733999997,0.0039996888335905,1.7798377642026415,3
P29,6.0,4.0,EP4,1111.7364322252113,1504.0,884.7146432607522,1141.952775009053,0.5882411191893299,0.73918645759655,1480.0,859.9079999999999,0.5810189189189189,1280.0,95.0,95.0,39.0625,6.666666666666667,0.0046983376071397,4.0,0.0002354433150329,0.0042092598968944,0.1342627733999997,0.0039996888335905,1.7798377642026415,3
P29,6.0,4.0,EP4,867.3470522754482,1295.6521739130435,608.0357800996771,887.7580107857578,0.4692893604796165,0.6694289329642721,1480.0,652.3439999999999,0.4407729729729729,880.0,86.95652173913044,95.65217391304348,1156.25,5.75,0.0157195968115443,4.0,0.0002354433150329,0.0042092598968944,0.1342627733999997,0.0039996888335905,1.7798377642026415,3
P29,6.0,4.0,EP4,1000.9138681368,1303.6363636363635,613.2081558689858,1024.0684500931518,0.4703828252830435,0.7677860913183263,1600.0,563.3879999999999,0.3521174999999999,1080.0,86.36363636363636,86.36363636363636,1234.375,7.333333333333333,0.0156203726847475,4.0,0.0002354433150329,0.0042092598968944,0.1342627733999997,0.0039996888335905,1.7798377642026415,3
P29,6.0,4.0,EP4,876.4068055925221,1547.3684210526317,725.2956646565527,897.8376347094467,0.4687284907644388,0.5663853505529904,1720.0,593.04,0.3447906976744185,680.0,89.47368421052632,94.73684210526316,0.0,9.5,0.0081652326229671,4.0,0.0002354433150329,0.0042092598968944,0.1342627733999997,0.0039996888335905,1.7798377642026415,3
P29,6.0,4.0,EP4,922.687585779922,1387.2727272727273,607.1806965544921,945.2719437384396,0.437679401186069,0.665109006787624,1520.0,504.084,0.3316342105263157,930.0,95.45454545454544,95.45454545454544,0.0,11.0,0.0039810537594759,4.0,0.0002354433150329,0.0042092598968944,0.1342627733999997,0.0039996888335905,1.7798377642026415,3
P3,5.0,3.0,CN2,742.9157486039783,1367.2727272727273,653.1548479581663,758.6956225121162,0.4777063382672759,0.5433559331545054,1220.0,770.952,0.631927868852459,1030.0,90.9090909090909,90.9090909090909,718.75,11.0,0.0010326815508801,8.0,0.0003258096845104,0.0006988386507316,0.2672979539999997,0.0063522774609662,3.1998341378136974,2
P3,5.0,3.0,CN2,651.0943169186854,1401.8181818181818,524.519157248185,666.6133311998293,0.3741706050408583,0.4644641690081413,1460.0,681.996,0.4671205479452054,920.0,81.81818181818183,90.9090909090909,960.9375,7.333333333333333,0.0010426415814696,8.0,0.0003258096845104,0.0006988386507316,0.2672979539999997,0.0063522774609662,3.1998341378136974,2
P3,5.0,3.0,CN2,936.420957970461,1458.0,648.1682692504763,961.9619328403376,0.4445598554530016,0.6422640315298086,1360.0,800.6039999999999,0.5886794117647058,1050.0,90.0,95.0,0.0,10.0,0.000402756683816,8.0,0.0003258096845104,0.0006988386507316,0.2672979539999997,0.0063522774609662,3.1998341378136974,2
P3,5.0,3.0,CN2,939.7191069676088,1164.6153846153843,587.0416051302038,958.8965880983552,0.5040647864394089,0.8068922318744329,1240.0,770.952,0.6217354838709678,920.0,92.3076923076923,96.15384615384616,0.0,13.0,0.0260347793291917,8.0,0.0003258096845104,0.0006988386507316,0.2672979539999997,0.0063522774609662,3.1998341378136974,2
P3,5.0,3.0,CN2,859.9788580910791,1344.3478260869565,727.6101983827012,880.16724109363,0.5412365641268476,0.6396996680496384,1160.0,533.736,0.4601172413793103,740.0,95.65217391304348,95.65217391304348,359.375,11.5,0.0002377829169817,8.0,0.0003258096845104,0.0006988386507316,0.2672979539999997,0.0063522774609662,3.1998341378136974,2
P3,5.0,3.0,CN2,766.2423067980994,1335.6521739130435,626.9973617963673,784.2717966892925,0.4694316185324364,0.5736840187615979,1400.0,770.952,0.55068,1100.0,86.95652173913044,95.65217391304348,117.1875,11.5,0.0051016503573529,8.0,0.0003258096845104,0.0006988386507316,0.2672979539999997,0.0063522774609662,3.1998341378136974,2
P3,5.0,3.0,CN2,987.1845487715726,1219.2,651.2674821709843,1006.944006330073,0.5341760844578283,0.8096986128375759,1200.0,770.952,0.64246,880.0,96.0,96.0,0.0,12.5,0.0310420861425878,8.0,0.0003258096845104,0.0006988386507316,0.2672979539999997,0.0063522774609662,3.1998341378136974,2
P3,3.0,9.0,CP4,1124.4868110544,1668.888888888889,778.2702455852973,1157.7513702406566,0.4663403602042393,0.6737936950392543,1520.0,474.432,0.3121263157894736,520.0,83.33333333333334,83.33333333333334,367.1875,9.0,0.0002077345255984,11.0,0.0005452916935405,0.0003229766264958,1.3050037938000003,0.0418151660335213,4.107003990049932,1
P3,3.0,9.0,CP4,1012.944787664729,1398.1818181818182,830.9698084231595,1035.1645831874823,0.5943217095354196,0.7244728650397931,1160.0,859.9079999999999,0.7413,1390.0,90.9090909090909,95.45454545454544,320.3125,11.0,0.0006515451716264,11.0,0.0005452916935405,0.0003229766264958,1.3050037938000003,0.0418151660335213,4.107003990049932,1
P3,3.0,9.0,CP4,823.2971406595444,1259.1304347826087,512.7990306638677,842.5399652678756,0.4072644235244805,0.6538616793912128,1320.0,652.3439999999999,0.4942,940.0,95.65217391304348,95.65217391304348,1359.375,7.666666666666667,0.0122276518906849,11.0,0.0005452916935405,0.0003229766264958,1.3050037938000003,0.0418151660335213,4.107003990049932,1
P3,3.0,9.0,CP4,1381.6222349108311,1373.3333333333333,937.770405447588,1417.4773738099518,0.682842528238535,1.00603560794478,1240.0,830.256,0.6695612903225806,1120.0,90.47619047619048,90.47619047619048,78.125,10.5,0.0009083259383494,11.0,0.0005452916935405,0.0003229766264958,1.3050037938000003,0.0418151660335213,4.107003990049932,1
P3,3.0,9.0,CP4,649.8582841463855,1460.0,591.8036658786159,667.2418571301059,0.4053449766291889,0.4451084137988941,1540.0,504.084,0.3273272727272727,660.0,95.0,95.0,835.9375,6.666666666666667,0.0018264016774119,11.0,0.0005452916935405,0.0003229766264958,1.3050037938000003,0.0418151660335213,4.107003990049932,1
P3,3.0,9.0,CP4,991.3626985114984,1424.7619047619048,751.476007917878,1013.2823163519528,0.527439711439687,0.6958093806397548,1280.0,770.952,0.60230625,1000.0,90.47619047619048,95.23809523809524,593.75,10.5,0.0006147119779864,11.0,0.0005452916935405,0.0003229766264958,1.3050037938000003,0.0418151660335213,4.107003990049932,1
P3,3.0,9.0,CP4,791.3937073290386,1173.8461538461538,517.9581212652383,807.7062172184471,0.4412487271591152,0.674188610437582,1200.0,741.3,0.6177499999999999,840.0,96.15384615384616,96.15384615384616,117.1875,8.666666666666666,0.0071358328943256,11.0,0.0005452916935405,0.0003229766264958,1.3050037938000003,0.0418151660335213,4.107003990049932,1
P3,3.0,9.0,EN2,969.8698980005612,1407.2727272727273,795.5721619910196,993.4451838593476,0.5653290556783731,0.6891840360469104,1380.0,622.692,0.4512260869565217,790.0,86.36363636363636,90.9090909090909,39.0625,11.0,0.0001606131378818,17.0,0.0004659304690756,0.0032810558368515,0.0922844369999998,0.0107109480149218,4.520822639870058,4
P3,3.0,9.0,EN2,1438.2152682734031,1500.0,1016.9510674974536,1472.8291587941053,0.6779673783316358,0.9588101788489354,1320.0,830.256,0.6289818181818182,980.0,80.0,85.0,117.1875,10.0,0.00014971136269,17.0,0.0004659304690756,0.0032810558368515,0.0922844369999998,0.0107109480149218,4.520822639870058,4
P3,3.0,9.0,EN2,898.1025750403556,1684.4444444444443,623.2950601650424,925.7302364016394,0.3700300489106452,0.5331743519368867,1760.0,474.432,0.2695636363636363,650.0,83.33333333333334,94.44444444444444,960.9375,9.0,0.0167789635154283,17.0,0.0004659304690756,0.0032810558368515,0.0922844369999998,0.0107109480149218,4.520822639870058,4
P3,3.0,9.0,EN2,871.2698268109089,1610.5263157894738,752.9311144838515,896.5292554525774,0.4675062475553326,0.5409845329871656,1680.0,948.864,0.5648,1040.0,94.73684210526316,94.73684210526316,1125.0,9.5,0.0014668140961002,17.0,0.0004659304690756,0.0032810558368515,0.0922844369999998,0.0107109480149218,4.520822639870058,4
P3,3.0,9.0,EN2,1092.415410259041,1392.7272727272727,814.6876808421846,1119.1050846440608,0.584958517575981,0.7843713781233322,1340.0,652.3439999999999,0.4868238805970148,1010.0,90.9090909090909,95.45454545454544,0.0,7.333333333333333,0.0036048078347676,17.0,0.0004659304690756,0.0032810558368515,0.0922844369999998,0.0107109480149218,4.520822639870058,4
P3,3.0,9.0,EN2,757.1877794400365,1274.5454545454545,566.3982048055293,772.1435839827424,0.4443923147546949,0.5940845630413981,1160.0,622.692,0.5368034482758621,870.0,90.9090909090909,95.45454545454544,835.9375,11.0,0.0030473776331043,17.0,0.0004659304690756,0.0032810558368515,0.0922844369999998,0.0107109480149218,4.520822639870058,4
P3,3.0,9.0,EN2,989.3836465193872,1152.3076923076924,616.4693516619147,1009.5622813873348,0.5349867537786976,0.8586106411716978,1140.0,681.996,0.5982421052631579,830.0,96.15384615384616,96.15384615384616,0.0,13.0,0.0058199089616449,17.0,0.0004659304690756,0.0032810558368515,0.0922844369999998,0.0107109480149218,4.520822639870058,4
P3,8.0,8.0,EP4,1337.540030553603,1835.0,1106.7670637190706,1381.6649721398076,0.6031428140158424,0.7289046488030534,1800.0,741.3,0.4118333333333333,1120.0,87.5,87.5,1398.4375,5.333333333333333,0.0020914935838716,17.0,0.0008223545617894,0.0192378522174342,0.1697310131999996,0.0159305054202374,4.305800988074657,3
P3,8.0,8.0,EP4,832.0425090355092,1452.0,681.9291520539745,854.6207393850997,0.4696481763457124,0.5730320310161909,1460.0,593.04,0.4061917808219177,780.0,90.0,90.0,1359.375,6.666666666666667,0.0039984171434366,17.0,0.0008223545617894,0.0192378522174342,0.1697310131999996,0.0159305054202374,4.305800988074657,3
P3,8.0,8.0,EP4,800.3332639178091,1200.0,525.2301083017487,816.9721404435218,0.4376917569181239,0.6669443865981742,1360.0,593.04,0.4360588235294117,880.0,92.0,96.0,39.0625,5.0,0.0041942883023402,17.0,0.0008223545617894,0.0192378522174342,0.1697310131999996,0.0159305054202374,4.305800988074657,3
P3,8.0,8.0,EP4,698.0544391378082,1394.2857142857142,521.886687208741,716.1152509418989,0.374303976481679,0.5006537985619527,1440.0,474.432,0.3294666666666666,680.0,85.71428571428571,90.47619047619048,679.6875,10.5,0.0021559362150976,17.0,0.0008223545617894,0.0192378522174342,0.1697310131999996,0.0159305054202374,4.305800988074657,3
P3,8.0,8.0,EP4,1325.8959235173777,1331.428571428571,903.4283907111052,1359.65785169807,0.6785406368001863,0.9958445777491036,1000.0,593.04,0.59304,920.0,95.23809523809524,95.23809523809524,273.4375,7.0,0.0022261094497844,17.0,0.0008223545617894,0.0192378522174342,0.1697310131999996,0.0159305054202374,4.305800988074657,3
P3,8.0,8.0,EP4,991.1609354691094,1476.0,717.6452722913357,1016.767035597812,0.4862095340727206,0.6715182489628112,1560.0,593.04,0.3801538461538461,800.0,95.0,95.0,156.25,10.0,0.0005145892884919,17.0,0.0008223545617894,0.0192378522174342,0.1697310131999996,0.0159305054202374,4.305800988074657,3
P3,8.0,8.0,EP4,1404.773815845174,1488.0,972.1684930851072,1443.034489543371,0.6533390410518195,0.944068424627133,1500.0,474.432,0.3162879999999999,1220.0,95.0,95.0,117.1875,6.666666666666667,0.0025871248307687,17.0,0.0008223545617894,0.0192378522174342,0.1697310131999996,0.0159305054202374,4.305800988074657,3
P30,1.0,1.0,CN3,1616.2702161967552,1684.4444444444443,1242.5316765862597,1657.340179500948,0.7376507314826081,0.9595271732038784,1180.0,830.256,0.7036067796610169,1410.0,94.44444444444444,94.44444444444444,0.0,18.0,0.0001672680617725,12.0,8.11811274317333e-05,0.0011177299191557,0.0925690961999994,0.0006871588839013,3.638411704730992,2
P30,1.0,1.0,CN3,1414.2512742319402,1902.5,1093.882991914583,1462.5118640137428,0.5749713492323696,0.7433646645108752,1660.0,770.952,0.4644289156626506,990.0,87.5,93.75,554.6875,8.0,8.099161891264203e-07,12.0,8.11811274317333e-05,0.0011177299191557,0.0925690961999994,0.0006871588839013,3.638411704730992,2
P30,1.0,1.0,CN3,783.0843202564964,1430.0,533.1732215804975,804.123873963684,0.3728484066996486,0.5476114127667807,1400.0,266.868,0.1906199999999999,310.0,85.0,95.0,835.9375,10.0,0.001539341190474,12.0,8.11811274317333e-05,0.0011177299191557,0.0925690961999994,0.0006871588839013,3.638411704730992,2
P30,1.0,1.0,CN3,870.0804560498989,1342.857142857143,603.7975062646653,891.4352708443071,0.449636440835389,0.6479322545052438,1120.0,237.216,0.2118,520.0,85.71428571428571,95.23809523809524,601.5625,5.25,0.0005944393067804,12.0,8.11811274317333e-05,0.0011177299191557,0.0925690961999994,0.0006871588839013,3.638411704730992,2
P30,1.0,1.0,CN3,404.0792001575929,1300.952380952381,279.6051637918149,414.5714337532321,0.2149234421532984,0.3106026062704777,1320.0,177.91199999999998,0.1347818181818181,200.0,90.47619047619048,90.47619047619048,875.0,7.0,0.0232637431001384,12.0,8.11811274317333e-05,0.0011177299191557,0.0925690961999994,0.0006871588839013,3.638411704730992,2
P30,1.0,1.0,CN3,1003.9920318408906,1554.0,684.9079845996987,1031.494685662368,0.4407387288286349,0.6460695185591316,1320.0,266.868,0.2021727272727272,460.0,95.0,95.0,718.75,6.666666666666667,0.0002316926550798,12.0,8.11811274317333e-05,0.0011177299191557,0.0925690961999994,0.0006871588839013,3.638411704730992,2
P30,1.0,1.0,CN3,1351.377897637157,1600.0,844.432748457014,1390.2386121428258,0.5277704677856337,0.8446111860232232,1280.0,415.128,0.32431875,1020.0,94.73684210526316,94.73684210526316,523.4375,9.5,0.0034231662024397,12.0,8.11811274317333e-05,0.0011177299191557,0.0925690961999994,0.0006871588839013,3.638411704730992,2
P30,6.0,3.0,CP3,767.9912280200793,1430.0,654.0400760294675,785.1844495932411,0.4573706825380891,0.5370568028112443,1240.0,385.476,0.3108677419354839,550.0,90.0,90.0,796.875,6.666666666666667,0.0031185278207647,11.0,0.0002731241451798,0.0003373999349655,0.1951472249999994,0.0039166056789445,3.886085864030511,1
P30,6.0,3.0,CP3,1840.9900717941,1616.842105263158,1225.602131523653,1894.328653046148,0.7580221516585094,1.1386331824247362,1240.0,474.432,0.3826064516129032,600.0,78.94736842105263,89.47368421052632,562.5,9.5,0.0004592369155851,11.0,0.0002731241451798,0.0003373999349655,0.1951472249999994,0.0039166056789445,3.886085864030511,1
P30,6.0,3.0,CP3,1201.1423134428564,1409.090909090909,730.7068273476494,1230.3030985434907,0.5185661355370416,0.8524235772820272,1320.0,266.868,0.2021727272727272,340.0,95.45454545454544,95.45454545454544,679.6875,11.0,0.0012172385301921,11.0,0.0002731241451798,0.0003373999349655,0.1951472249999994,0.0039166056789445,3.886085864030511,1
P30,6.0,3.0,CP3,1005.2749762019234,1520.0,705.0295502081219,1033.9921998163456,0.4638352304000802,0.6613651159223181,1360.0,355.824,0.261635294117647,640.0,84.21052631578947,84.21052631578947,718.75,9.5,0.0017470287851414,11.0,0.0002731241451798,0.0003373999349655,0.1951472249999994,0.0039166056789445,3.886085864030511,1
P30,6.0,3.0,CP3,415.4171741411621,1330.909090909091,335.61470384539086,424.057498347526,0.2521695179166188,0.3121303904066108,1320.0,177.91199999999998,0.1347818181818181,240.0,77.27272727272727,95.45454545454544,835.9375,5.5,0.0110537765604028,11.0,0.0002731241451798,0.0003373999349655,0.1951472249999994,0.0039166056789445,3.886085864030511,1
P30,6.0,3.0,CP3,723.5769733508912,1234.7826086956522,478.8325724207442,740.6023054864027,0.3877869424534196,0.5859954361644542,1200.0,355.824,0.2965199999999999,420.0,95.65217391304348,95.65217391304348,0.0,7.666666666666667,0.0194946751457254,11.0,0.0002731241451798,0.0003373999349655,0.1951472249999994,0.0039166056789445,3.886085864030511,1
P30,6.0,3.0,CP3,600.9846992192498,1288.3333333333333,420.3483717384765,614.4916598294886,0.3262729922937722,0.4664823021106726,1180.0,385.476,0.3266745762711864,720.0,87.5,87.5,601.5625,3.4285714285714284,0.0141942428025602,11.0,0.0002731241451798,0.0003373999349655,0.1951472249999994,0.0039166056789445,3.886085864030511,1
P30,4.0,1.0,EN3,1027.929958703413,1352.3809523809523,676.0614229632153,1054.6259002478955,0.4999045733178704,0.7600890539708336,1280.0,355.824,0.2779874999999999,440.0,90.47619047619048,90.47619047619048,875.0,7.0,0.0181097581313868,9.0,0.0001320563465911,0.0013731609478218,0.1361308494000001,0.0020211262836835,3.068240268299239,4
P30,4.0,1.0,EN3,1018.720018548019,1385.4545454545455,657.9095847037203,1043.7295763613429,0.4748691228176459,0.735296601314187,1300.0,504.084,0.387756923076923,690.0,86.36363636363636,90.9090909090909,593.75,7.333333333333333,0.0314737063824771,9.0,0.0001320563465911,0.0013731609478218,0.1361308494000001,0.0020211262836835,3.068240268299239,4
P30,4.0,1.0,EN3,921.0270946562372,1304.3478260869565,622.8076172167783,942.5837200291916,0.4774858398661967,0.7061207725697818,1120.0,355.824,0.3177,480.0,91.30434782608695,91.30434782608695,601.5625,7.666666666666667,0.0011140521298042,9.0,0.0001320563465911,0.0013731609478218,0.1361308494000001,0.0020211262836835,3.068240268299239,4
P30,4.0,1.0,EN3,678.7712683832519,1240.0,439.28796141423936,693.914826589881,0.3542644850114833,0.5473961841800419,1240.0,355.824,0.2869548387096773,400.0,91.66666666666666,95.83333333333334,875.0,6.0,0.0120458071795826,9.0,0.0001320563465911,0.0013731609478218,0.1361308494000001,0.0020211262836835,3.068240268299239,4
P30,4.0,1.0,EN3,1449.6733912079887,1684.4444444444443,981.4168762393076,1494.239920888366,0.5826353486908818,0.8606240449123944,1380.0,622.692,0.4512260869565217,1010.0,88.88888888888889,94.44444444444444,835.9375,9.0,0.0004857236256329,9.0,0.0001320563465911,0.0013731609478218,0.1361308494000001,0.0020211262836835,3.068240268299239,4
P30,4.0,1.0,EN3,995.4076369188472,1274.7826086956522,685.4651344837938,1018.8253995681472,0.5377113947178465,0.7808450084970493,1240.0,296.52,0.2391290322580645,480.0,86.95652173913044,91.30434782608695,601.5625,11.5,0.0005196057301736,9.0,0.0001320563465911,0.0013731609478218,0.1361308494000001,0.0020211262836835,3.068240268299239,4
P30,4.0,1.0,EN3,841.0383193086119,1285.2173913043478,642.4163869557259,854.9443666870202,0.4998503687409234,0.6543938208422894,1200.0,533.736,0.44478,620.0,91.30434782608695,91.30434782608695,0.0,7.666666666666667,0.0238484437818768,9.0,0.0001320563465911,0.0013731609478218,0.1361308494000001,0.0020211262836835,3.068240268299239,4
P30,3.0,8.0,EP2,1409.1942986787064,1387.2727272727273,1116.824502639949,1443.5670106668808,0.8050504278531743,1.015801919099985,1080.0,593.04,0.5491111111111111,840.0,95.45454545454544,95.45454545454544,242.1875,7.333333333333333,7.480644034261934e-06,13.0,0.0001355128692564,0.0021542349667531,0.0928759944000002,0.0021215303898858,2.290203680516293,3
P30,3.0,8.0,EP2,1831.1295132015232,1531.111111111111,1206.8670616829193,1887.385368548714,0.7882295758451577,1.1959481581142024,1180.0,533.736,0.4523186440677966,610.0,88.88888888888889,94.44444444444444,718.75,9.0,0.0002665276866109,13.0,0.0001355128692564,0.0021542349667531,0.0928759944000002,0.0021215303898858,2.290203680516293,3
P30,3.0,8.0,EP2,2546.7102963103857,2132.3076923076924,1637.5090526271597,2659.6764442087288,0.767951575907398,1.194344655556819,1560.0,593.04,0.3801538461538461,760.0,92.3076923076923,92.3076923076923,437.5,6.5,0.0002387380898833,13.0,0.0001355128692564,0.0021542349667531,0.0928759944000002,0.0021215303898858,2.290203680516293,3
P30,3.0,8.0,EP2,1152.6532539361192,1281.8181818181818,806.9674942626481,1180.705196865315,0.629549108999229,0.8992330349856249,1180.0,444.78,0.3769322033898304,490.0,86.36363636363636,95.45454545454544,1117.1875,5.5,0.0002169273595184,13.0,0.0001355128692564,0.0021542349667531,0.0928759944000002,0.0021215303898858,2.290203680516293,3
P30,3.0,8.0,EP2,1263.1389472263136,1415.2380952380952,799.047051478316,1293.084439787693,0.5646025599274777,0.8925275199109215,1120.0,415.128,0.37065,520.0,95.23809523809524,95.23809523809524,757.8125,10.5,0.0010687413479586,13.0,0.0001355128692564,0.0021542349667531,0.0928759944000002,0.0021215303898858,2.290203680516293,3
P30,3.0,8.0,EP2,1417.6349632006431,1606.3157894736842,1106.8484314902369,1458.7182125172126,0.6890602948333716,0.8825381487815276,1240.0,830.256,0.6695612903225806,1220.0,94.73684210526316,94.73684210526316,476.5625,9.5,0.0005370072501545,13.0,0.0001355128692564,0.0021542349667531,0.0928759944000002,0.0021215303898858,2.290203680516293,3
P30,3.0,8.0,EP2,1163.587917651805,1466.0,731.8642382012491,1194.6900060376815,0.4992252648030348,0.793716178480085,1240.0,533.736,0.4304322580645161,930.0,90.0,90.0,398.4375,6.666666666666667,0.0006570870598674,13.0,0.0001355128692564,0.0021542349667531,0.0928759944000002,0.0021215303898858,2.290203680516293,3
P4,7.0,3.0,CN3,575.4441762673422,1196.923076923077,457.8800649145514,587.3011720290252,0.3825476120751394,0.4807695560074195,1300.0,355.824,0.2737107692307692,670.0,88.46153846153845,92.3076923076923,1078.125,5.2,0.0335630337077433,14.0,0.0003254601923814,0.0174612275470002,0.105479577,0.0041249976314666,3.741299769429711,2
P4,7.0,3.0,CN3,1065.3893867758145,1346.0869565217392,802.1433737773202,1089.3025688852877,0.5959075451188102,0.7914714436642031,1200.0,711.6479999999999,0.5930399999999999,920.0,82.6086956521739,86.95652173913044,0.0,7.666666666666667,0.0007065172788081,14.0,0.0003254601923814,0.0174612275470002,0.105479577,0.0041249976314666,3.741299769429711,2
P4,7.0,3.0,CN3,1079.814798935447,1480.0,847.0182996842512,1106.67829205477,0.5723096619488184,0.7296045938753021,1360.0,770.952,0.5668764705882353,1000.0,95.23809523809524,95.23809523809524,195.3125,7.0,0.0009353097447493,14.0,0.0003254601923814,0.0174612275470002,0.105479577,0.0041249976314666,3.741299769429711,2
P4,7.0,3.0,CN3,566.8862319725184,1375.2380952380952,445.1473806237553,581.3197326591859,0.3236874997610409,0.4122095177085487,1400.0,237.216,0.1694399999999999,240.0,76.19047619047619,85.71428571428571,1000.0,7.0,0.0001506057038248,14.0,0.0003254601923814,0.0174612275470002,0.105479577,0.0041249976314666,3.741299769429711,2
P4,7.0,3.0,CN3,562.1697097929554,1218.3333333333333,448.9956586084941,574.5814768314295,0.3685326883243454,0.4614252063964066,1280.0,266.868,0.2084906249999999,410.0,91.66666666666666,91.66666666666666,960.9375,8.0,0.0030787893527701,14.0,0.0003254601923814,0.0174612275470002,0.105479577,0.0041249976314666,3.741299769429711,2
P4,7.0,3.0,CN3,481.28615566663007,1283.4782608695652,352.4280544974221,490.0428464348718,0.2745882538428424,0.374985825892022,1320.0,296.52,0.2246363636363636,400.0,78.26086956521739,95.65217391304348,1000.0,7.666666666666667,0.0040226238910259,14.0,0.0003254601923814,0.0174612275470002,0.105479577,0.0041249976314666,3.741299769429711,2
P4,7.0,3.0,CN3,417.1956062964272,1258.3333333333333,319.12470871141414,426.5719591858288,0.2536090400355609,0.3315461771892136,1320.0,207.564,0.1572454545454545,280.0,75.0,91.66666666666666,796.875,8.0,0.0044081300181175,14.0,0.0003254601923814,0.0174612275470002,0.105479577,0.0041249976314666,3.741299769429711,2
P4,6.0,7.0,CP4,427.8154823712224,1210.0,353.9098386779371,437.1376534493924,0.2924874699817662,0.3535665143563821,1300.0,355.824,0.2737107692307692,460.0,95.83333333333334,95.83333333333334,921.875,8.0,0.0016583678763578,14.0,0.0003610069840194,0.0128644491993104,0.0980161686000003,0.0053244556815997,3.976800332830087,1
P4,6.0,7.0,CP4,482.0941970349932,1088.571428571429,409.1338120841105,491.04574728422807,0.3758447092636184,0.4428686849402823,1200.0,415.128,0.3459399999999999,650.0,89.28571428571429,96.42857142857144,914.0625,9.333333333333334,0.015940324140381,14.0,0.0003610069840194,0.0128644491993104,0.0980161686000003,0.0053244556815997,3.976800332830087,1
P4,6.0,7.0,CP4,2029.6123560398116,1502.0,1375.6667283061045,2084.284835346119,0.915889965583292,1.3512732064179835,1380.0,415.128,0.3008173913043478,470.0,90.0,95.0,1000.0,6.666666666666667,0.000362210081746,14.0,0.0003610069840194,0.0128644491993104,0.0980161686000003,0.0053244556815997,3.976800332830087,1
P4,6.0,7.0,CP4,523.7403937066531,1186.1538461538462,391.5821949279811,534.4504966162285,0.3301276610936287,0.4415450790004209,1220.0,444.78,0.3645737704918033,580.0,96.15384615384616,96.15384615384616,875.0,6.5,0.0148298230590942,14.0,0.0003610069840194,0.0128644491993104,0.0980161686000003,0.0053244556815997,3.976800332830087,1
P4,6.0,7.0,CP4,1010.7093218791116,1171.2,701.4765379778097,1032.4460894091428,0.5989383008690314,0.8629690248284763,1160.0,415.128,0.3578689655172413,480.0,96.0,96.0,78.125,12.5,0.0011343765834946,14.0,0.0003610069840194,0.0128644491993104,0.0980161686000003,0.0053244556815997,3.976800332830087,1
P4,6.0,7.0,CP4,459.84345162239725,1172.3076923076924,348.3022560054148,468.4043836971071,0.2971082236266661,0.3922549128012574,1220.0,355.824,0.2916590163934426,460.0,80.76923076923077,92.3076923076923,281.25,8.666666666666666,0.0076341001482527,14.0,0.0003610069840194,0.0128644491993104,0.0980161686000003,0.0053244556815997,3.976800332830087,1
P4,6.0,7.0,CP4,495.1094155167455,1216.0,368.9625093872457,505.4112975687672,0.303423116272406,0.4071623482867973,1280.0,355.824,0.2779874999999999,440.0,76.0,96.0,875.0,5.0,0.0224314051156653,14.0,0.0003610069840194,0.0128644491993104,0.0980161686000003,0.0053244556815997,3.976800332830087,1
P4,5.0,8.0,EN3,625.7411605448374,1152.3076923076924,431.854676411477,638.5107673328619,0.3747737512249133,0.5430330498720217,1240.0,355.824,0.2869548387096773,500.0,96.15384615384616,96.15384615384616,875.0,8.666666666666666,0.0101689929759356,11.0,0.0001841509520678,0.0033104028954712,0.0534210432,0.0027211322909064,2.967907735158673,4
P4,5.0,8.0,EN3,1032.0750686691454,1464.0,666.4785699559486,1060.3011819720036,0.4552449248332982,0.7049693092002359,1360.0,326.172,0.2398323529411764,420.0,80.0,85.0,281.25,6.666666666666667,0.0010781705673551,11.0,0.0001841509520678,0.0033104028954712,0.0534210432,0.0027211322909064,2.967907735158673,4
P4,5.0,8.0,EN3,4167.864361196671,1935.0,2861.34234232816,4314.145945386554,1.4787298926760517,2.1539350703858764,1240.0,296.52,0.2391290322580645,420.0,87.5,93.75,476.5625,8.0,7.90127730217188e-06,11.0,0.0001841509520678,0.0033104028954712,0.0534210432,0.0027211322909064,2.967907735158673,4
P4,5.0,8.0,EN3,596.1032883945387,1213.3333333333333,402.88812414826793,608.2437622436422,0.3320506517705505,0.491293919006488,1240.0,355.824,0.2869548387096773,530.0,87.5,95.83333333333334,1117.1875,6.0,0.0028785252331699,11.0,0.0001841509520678,0.0033104028954712,0.0534210432,0.0027211322909064,2.967907735158673,4
P4,5.0,8.0,EN3,451.9855186738941,1186.0869565217392,339.7557830190115,462.4384830973203,0.2864509900820111,0.3810728346590749,1280.0,296.52,0.2316562499999999,400.0,86.95652173913044,91.30434782608695,835.9375,5.75,0.0462369304751148,11.0,0.0001841509520678,0.0033104028954712,0.0534210432,0.0027211322909064,2.967907735158673,4
P4,5.0,8.0,EN3,609.051721941577,1126.1538461538462,448.8124501221144,621.1902553431867,0.3985356456002382,0.5408246164781763,1020.0,593.04,0.5814117647058823,800.0,88.46153846153845,96.15384615384616,0.0,13.0,0.001523552439746,11.0,0.0001841509520678,0.0033104028954712,0.0534210432,0.0027211322909064,2.967907735158673,4
P4,5.0,8.0,EN3,483.1148931672465,1227.2,363.8168037167424,492.8444502821484,0.2964608895996923,0.3936725009511461,1360.0,296.52,0.2180294117647058,400.0,92.0,92.0,796.875,8.333333333333334,0.0025723597268757,11.0,0.0001841509520678,0.0033104028954712,0.0534210432,0.0027211322909064,2.967907735158673,4
P4,5.0,4.0,EP3,683.6220669600876,1288.3333333333333,421.0098281065642,698.9772313605603,0.326786412501861,0.5306251489987744,1420.0,444.78,0.313225352112676,610.0,91.66666666666666,95.83333333333334,554.6875,8.0,0.0256603289013549,12.0,6.50259519131017e-05,5.619760340122943e-05,0.2710000061999997,0.001514009756864,2.904241866510727,3
P4,5.0,4.0,EP3,675.0802421440975,1216.0,432.51204222156247,689.5997578936325,0.3556842452479954,0.5551646728158697,1320.0,415.128,0.3144909090909091,480.0,96.0,96.0,601.5625,8.333333333333334,0.0306450662980306,12.0,6.50259519131017e-05,5.619760340122943e-05,0.2710000061999997,0.001514009756864,2.904241866510727,3
P4,5.0,4.0,EP3,440.1514890731751,1150.4,448.2975202548712,449.29574521318,0.3896883868696724,0.3826073444655555,1120.0,474.432,0.4236,560.0,84.0,88.0,476.5625,8.333333333333334,0.0042357385558968,12.0,6.50259519131017e-05,5.619760340122943e-05,0.2710000061999997,0.001514009756864,2.904241866510727,3
P4,5.0,4.0,EP3,385.4631216884673,1347.8260869565215,307.1120097965315,393.2636228489447,0.2278572975909749,0.2859887677043467,1360.0,237.216,0.1744235294117647,280.0,82.6086956521739,91.30434782608695,835.9375,7.666666666666667,0.0003522746203195,12.0,6.50259519131017e-05,5.619760340122943e-05,0.2710000061999997,0.001514009756864,2.904241866510727,3
P4,5.0,4.0,EP3,789.1537469743373,1304.3478260869565,590.0679936703484,807.6195581146798,0.4523854618139338,0.6050178726803253,1400.0,415.128,0.29652,720.0,86.95652173913044,95.65217391304348,1039.0625,7.666666666666667,0.0035885937599021,12.0,6.50259519131017e-05,5.619760340122943e-05,0.2710000061999997,0.001514009756864,2.904241866510727,3
P4,5.0,4.0,EP3,472.40911334390063,1074.2857142857142,337.6106520549261,481.408190783919,0.3142652346255961,0.4397425257190565,1080.0,296.52,0.2745555555555555,410.0,89.28571428571429,96.42857142857144,796.875,9.333333333333334,0.023363856822766,12.0,6.50259519131017e-05,5.619760340122943e-05,0.2710000061999997,0.001514009756864,2.904241866510727,3
P4,5.0,4.0,EP3,520.7686626516614,1177.6,420.1713936002783,531.9583725677485,0.356803153532845,0.4422288235832723,1200.0,415.128,0.3459399999999999,560.0,88.0,92.0,359.375,8.333333333333334,0.003296611582853,12.0,6.50259519131017e-05,5.619760340122943e-05,0.2710000061999997,0.001514009756864,2.904241866510727,3
P5,4.0,5.0,CN1,466.476151587624,1281.6666666666667,411.7372174480758,476.9600707511155,0.3212514050310084,0.363960586414271,1440.0,148.26,0.1029583333333333,350.0,83.33333333333334,87.5,1078.125,4.0,0.0188192042712462,10.0,1.5813344798928855e-05,1.3560826768056278e-05,0.0954201359999999,0.0006248086490917,1.0736543901676707,2
P5,4.0,5.0,CN1,516.3434189720922,1482.0,338.7842039442,529.8570920651114,0.2285993278975708,0.3484098643536384,1480.0,296.52,0.2003513513513513,350.0,85.0,95.0,835.9375,6.666666666666667,0.0024181902518972,10.0,1.5813344798928855e-05,1.3560826768056278e-05,0.0954201359999999,0.0006248086490917,1.0736543901676707,2
P5,4.0,5.0,CN1,705.9518397171297,1183.076923076923,486.9067198613651,720.50722874005,0.4115596461767065,0.5967083170560914,1300.0,385.476,0.29652,830.0,96.15384615384616,96.15384615384616,1117.1875,8.666666666666666,0.0125304702015004,10.0,1.5813344798928855e-05,1.3560826768056278e-05,0.0954201359999999,0.0006248086490917,1.0736543901676707,2
P5,4.0,5.0,CN1,682.4895603597172,1155.3846153846157,497.202017447482,695.2678141071492,0.4303346356070083,0.5907033478479575,1240.0,355.824,0.2869548387096773,720.0,88.46153846153845,96.15384615384616,0.0,8.666666666666666,0.0240776368106543,10.0,1.5813344798928855e-05,1.3560826768056278e-05,0.0954201359999999,0.0006248086490917,1.0736543901676707,2
P5,4.0,5.0,CN1,553.7508465004817,1394.2857142857142,398.0524014319149,567.8361513120154,0.2854884026663324,0.397157369416329,1440.0,296.52,0.2059166666666666,320.0,95.23809523809524,95.23809523809524,1000.0,5.25,0.0103381308700958,10.0,1.5813344798928855e-05,1.3560826768056278e-05,0.0954201359999999,0.0006248086490917,1.0736543901676707,2
P5,4.0,5.0,CN1,696.7065379340142,1203.2,500.3891818708048,710.4173094901253,0.415881966315496,0.5790446625116474,1440.0,237.216,0.1647333333333333,520.0,88.0,92.0,78.125,8.333333333333334,0.0193290629740292,10.0,1.5813344798928855e-05,1.3560826768056278e-05,0.0954201359999999,0.0006248086490917,1.0736543901676707,2
P5,4.0,5.0,CN1,611.0100926607787,1230.4,455.08680490649255,624.1144450977802,0.3698689896834302,0.4965946786904898,1400.0,237.216,0.1694399999999999,440.0,88.0,88.0,1156.25,8.333333333333334,0.0284087171748517,10.0,1.5813344798928855e-05,1.3560826768056278e-05,0.0954201359999999,0.0006248086490917,1.0736543901676707,2
P5,3.0,6.0,CP4,475.5092963435004,1299.1304347826087,401.6094104687726,486.66725968059706,0.3091370964117058,0.3660212120448631,1360.0,296.52,0.2180294117647058,360.0,86.95652173913044,91.30434782608695,1000.0,7.666666666666667,0.008964905224451,17.0,3.208362181426385e-05,3.30503748344602e-05,0.1776006539999999,0.0013058384631274,1.3888447877422885,1
P5,3.0,6.0,CP4,532.290647422377,1209.6,403.20052910018194,543.5684562837203,0.3333337707508118,0.440055098728817,1240.0,355.824,0.2869548387096773,480.0,84.0,88.0,1000.0,6.25,0.0064858410037397,17.0,3.208362181426385e-05,3.30503748344602e-05,0.1776006539999999,0.0013058384631274,1.3888447877422885,1
P5,3.0,6.0,CP4,505.02925207808056,1269.5652173913045,394.3634486666694,514.815984440555,0.3106287438127875,0.3977970136231457,1320.0,237.216,0.1797090909090909,380.0,91.30434782608695,91.30434782608695,1078.125,4.6,0.0013048480515445,17.0,3.208362181426385e-05,3.30503748344602e-05,0.1776006539999999,0.0013058384631274,1.3888447877422885,1
P5,3.0,6.0,CP4,600.9846992192498,1250.0,388.9338828353623,614.4504919964053,0.3111471062682898,0.4807877593753998,1340.0,266.868,0.199155223880597,450.0,79.16666666666666,87.5,1117.1875,6.0,0.0158974475144563,17.0,3.208362181426385e-05,3.30503748344602e-05,0.1776006539999999,0.0013058384631274,1.3888447877422885,1
P5,3.0,6.0,CP4,794.8405051149749,1340.0,614.3366534804218,813.120971495456,0.4584601891644939,0.5931645560559514,1320.0,504.084,0.3818818181818181,660.0,90.9090909090909,95.45454545454544,875.0,11.0,0.0015253454206514,17.0,3.208362181426385e-05,3.30503748344602e-05,0.1776006539999999,0.0013058384631274,1.3888447877422885,1
P5,3.0,6.0,CP4,835.7990189034682,1380.952380952381,545.9112085486499,856.7158836295483,0.3953150130869534,0.605233772309408,1400.0,533.736,0.3812399999999999,680.0,90.47619047619048,95.23809523809524,39.0625,10.5,0.0048000049519344,17.0,3.208362181426385e-05,3.30503748344602e-05,0.1776006539999999,0.0013058384631274,1.3888447877422885,1
P5,3.0,6.0,CP4,591.6956174450709,1098.571428571429,431.7038961698793,602.9594629493047,0.3929684360454037,0.5386045932529904,1300.0,326.172,0.2509015384615384,690.0,89.28571428571429,92.85714285714286,78.125,9.333333333333334,0.0160534588577896,17.0,3.208362181426385e-05,3.30503748344602e-05,0.1776006539999999,0.0013058384631274,1.3888447877422885,1
P5,3.0,7.0,EN3,578.1579945539685,1230.4,458.5891407349284,590.3474781241437,0.3727154914945777,0.4698943388767624,1280.0,355.824,0.2779874999999999,480.0,96.0,96.0,0.0,8.333333333333334,0.0091002976009327,9.0,1.808464242413768e-05,0.0006210546931709,0.0219469278,4.567946996850459e-05,1.00419317400974,4
P5,3.0,7.0,EN3,594.6427498927402,1220.8,483.7520025798343,605.8172106779596,0.396258193463167,0.4870926850366482,1320.0,474.432,0.3594181818181818,760.0,88.0,88.0,953.125,8.333333333333334,0.013228267970429,9.0,1.808464242413768e-05,0.0006210546931709,0.0219469278,4.567946996850459e-05,1.00419317400974,4
P5,3.0,7.0,EN3,677.4613244708853,1096.2962962962963,480.8017994666517,689.051075476546,0.4385692089729593,0.6179545865106049,1080.0,593.04,0.5491111111111111,800.0,88.88888888888889,96.29629629629628,39.0625,13.5,0.0066194645219611,9.0,1.808464242413768e-05,0.0006210546931709,0.0219469278,4.567946996850459e-05,1.00419317400974,4
P5,3.0,7.0,EN3,746.6369041687309,1217.6,507.2908435996061,762.6270385975048,0.4166317703676134,0.6132037649217567,1440.0,296.52,0.2059166666666666,800.0,88.0,96.0,1117.1875,8.333333333333334,0.0193845982352623,9.0,1.808464242413768e-05,0.0006210546931709,0.0219469278,4.567946996850459e-05,1.00419317400974,4
P5,3.0,7.0,EN3,681.1754546370561,1280.0,489.8979485566357,696.4483586063892,0.3827327723098715,0.5321683239352001,1420.0,474.432,0.3341070422535211,600.0,95.83333333333334,95.83333333333334,0.0,6.0,0.0237445749046713,9.0,1.808464242413768e-05,0.0006210546931709,0.0219469278,4.567946996850459e-05,1.00419317400974,4
P5,3.0,7.0,EN3,606.9047152011042,1220.8,485.5402489323962,617.9887902927821,0.3977230086274543,0.4971368899091614,1320.0,415.128,0.3144909090909091,680.0,92.0,92.0,0.0,12.5,0.0111439073517209,9.0,1.808464242413768e-05,0.0006210546931709,0.0219469278,4.567946996850459e-05,1.00419317400974,4
P5,3.0,7.0,EN3,481.2105946086768,1340.8695652173913,431.1286777273037,492.3096903056359,0.3215291695112836,0.3588794966277421,1440.0,415.128,0.2882833333333333,580.0,86.95652173913044,91.30434782608695,1000.0,7.666666666666667,0.0022426123961993,9.0,1.808464242413768e-05,0.0006210546931709,0.0219469278,4.567946996850459e-05,1.00419317400974,4
P5,7.0,6.0,EP2,672.5798364236296,1323.4782608695652,518.7275401109576,687.9142199620342,0.3919426222914594,0.5081910721991945,1440.0,652.3439999999999,0.4530166666666666,660.0,91.30434782608695,95.65217391304348,1078.125,7.666666666666667,0.0121359771691515,12.0,1.441995247324062e-05,7.490641118475793e-05,0.0507746021999999,7.934158327945666e-05,0.9111003365481206,3
P5,7.0,6.0,EP2,613.3069823061323,1293.9130434782608,489.5428213272496,627.563142508782,0.3783429062676997,0.4739939715403577,1480.0,415.128,0.2804918918918919,800.0,78.26086956521739,91.30434782608695,1320.3125,7.666666666666667,0.0043954998803486,12.0,1.441995247324062e-05,7.490641118475793e-05,0.0507746021999999,7.934158327945666e-05,0.9111003365481206,3
P5,7.0,6.0,EP2,698.4608929980396,1350.909090909091,477.92118388773895,715.5790196290926,0.3537774577903855,0.5170302707253321,1440.0,474.432,0.3294666666666666,650.0,90.9090909090909,95.45454545454544,1039.0625,7.333333333333333,0.0034169342549824,12.0,1.441995247324062e-05,7.490641118475793e-05,0.0507746021999999,7.934158327945666e-05,0.9111003365481206,3
P5,7.0,6.0,EP2,720.5312050087105,1291.6666666666667,504.2399934698682,735.1588250328737,0.3903793497831238,0.5578306103293242,1500.0,385.476,0.256984,600.0,91.66666666666666,95.83333333333334,757.8125,12.0,0.0176273107956593,12.0,1.441995247324062e-05,7.490641118475793e-05,0.0507746021999999,7.934158327945666e-05,0.9111003365481206,3
P5,7.0,6.0,EP2,589.3373554412774,1062.857142857143,410.4456218131806,600.2430656756793,0.3861719560070247,0.5544840709796964,1060.0,415.128,0.3916301886792452,500.0,89.28571428571429,89.28571428571429,117.1875,9.333333333333334,0.0183118372667894,12.0,1.441995247324062e-05,7.490641118475793e-05,0.0507746021999999,7.934158327945666e-05,0.9111003365481206,3
P5,7.0,6.0,EP2,606.8328879074978,1124.4444444444443,502.5881731545937,618.8505473860389,0.4469657666394608,0.5396735169137827,1200.0,652.3439999999999,0.54362,860.0,88.88888888888889,92.5925925925926,78.125,9.0,0.0078642697121356,12.0,1.441995247324062e-05,7.490641118475793e-05,0.0507746021999999,7.934158327945666e-05,0.9111003365481206,3
P5,7.0,6.0,EP2,440.43268768445466,1405.4545454545455,380.3347807584069,451.1572421482971,0.2706133627647138,0.3133738398789781,1500.0,237.216,0.1581439999999999,320.0,90.9090909090909,95.45454545454544,1156.25,7.333333333333333,0.0072426098993369,12.0,1.441995247324062e-05,7.490641118475793e-05,0.0507746021999999,7.934158327945666e-05,0.9111003365481206,3
P6,7.0,2.0,CN4,817.0011683534541,1347.8260869565215,558.2355035917687,835.5561695984971,0.4141747284713123,0.606162157165466,1360.0,652.3439999999999,0.4796647058823529,740.0,91.30434782608695,91.30434782608695,0.0,11.5,0.013851271237226,2.0,1.0782558340823616e-05,0.0009997984101527,0.0895801746,0.000276711095333,1.0260277347616316,2
P6,7.0,2.0,CN4,618.8160739131889,1340.0,472.2791749035935,632.0638906825495,0.3524471454504429,0.4618030402337231,1440.0,444.78,0.3088749999999999,650.0,95.45454545454544,95.45454545454544,1000.0,7.333333333333333,0.0151163664950045,2.0,1.0782558340823616e-05,0.0009997984101527,0.0895801746,0.000276711095333,1.0260277347616316,2
P6,7.0,2.0,CN4,821.9975669063747,1344.7619047619048,595.7819991206435,838.9366703405599,0.4430390220089771,0.6112588139176299,1520.0,474.432,0.3121263157894736,720.0,90.47619047619048,95.23809523809524,1156.25,10.5,0.0089824242007419,2.0,1.0782558340823616e-05,0.0009997984101527,0.0895801746,0.000276711095333,1.0260277347616316,2
P6,7.0,2.0,CN4,626.5988245732046,1233.3333333333333,556.094038549367,637.4752572118484,0.4508870582832706,0.5080531010053011,1280.0,830.256,0.6486375,790.0,83.33333333333334,91.66666666666666,0.0,12.0,0.0005394753312362,2.0,1.0782558340823616e-05,0.0009997984101527,0.0895801746,0.000276711095333,1.0260277347616316,2
P6,7.0,2.0,CN4,901.3006474772208,1400.0,603.4819601201648,923.4263319161904,0.4310585429429748,0.6437861767694433,1260.0,622.692,0.4942,920.0,95.45454545454544,95.45454545454544,125.0,11.0,0.0049230162754145,2.0,1.0782558340823616e-05,0.0009997984101527,0.0895801746,0.000276711095333,1.0260277347616316,2
P6,7.0,2.0,CN4,747.7203449724465,1387.2727272727273,548.0891639156275,764.9811700141321,0.3950839320492728,0.5389858318936377,1460.0,415.128,0.2843342465753424,570.0,86.36363636363636,95.45454545454544,1078.125,7.333333333333333,0.0058801897900023,2.0,1.0782558340823616e-05,0.0009997984101527,0.0895801746,0.000276711095333,1.0260277347616316,2
P6,7.0,2.0,CN4,642.4951361683604,1344.3478260869565,519.2636927503171,657.6147374087224,0.3862569512696407,0.4779232901640456,1480.0,415.128,0.2804918918918919,800.0,95.65217391304348,95.65217391304348,1156.25,7.666666666666667,0.0068407958698768,2.0,1.0782558340823616e-05,0.0009997984101527,0.0895801746,0.000276711095333,1.0260277347616316,2
P6,3.0,8.0,CP4,1179.1145453733964,1465.2631578947369,860.6158545616081,1207.2309372890145,0.5873455903976492,0.8047117946154645,1200.0,533.736,0.44478,740.0,94.73684210526316,94.73684210526316,398.4375,9.5,0.0004464019005515,12.0,2.93543087868202e-06,7.023378781828648e-06,0.0304570517999999,3.508089420595812e-05,0.7873260053705314,1
P6,3.0,8.0,CP4,689.1540708240309,1171.2,479.93332870306057,703.9021671152641,0.409779139944553,0.5884170686680591,1080.0,533.736,0.4942,720.0,92.0,96.0,78.125,12.5,0.0031019583107729,12.0,2.93543087868202e-06,7.023378781828648e-06,0.0304570517999999,3.508089420595812e-05,0.7873260053705314,1
P6,3.0,8.0,CP4,610.1016308780038,1189.2307692307693,479.5408059960952,621.2331822002643,0.4032361240588122,0.5130220699491623,1240.0,385.476,0.3108677419354839,670.0,84.61538461538461,92.3076923076923,39.0625,6.5,0.0171960418884234,12.0,2.93543087868202e-06,7.023378781828648e-06,0.0304570517999999,3.508089420595812e-05,0.7873260053705314,1
P6,3.0,8.0,CP4,576.6570326748242,1172.8,444.9299570344378,588.4294990585694,0.3793741107046707,0.4916925585562962,1240.0,415.128,0.3347806451612903,800.0,92.0,92.0,1078.125,5.0,0.0078622525567739,12.0,2.93543087868202e-06,7.023378781828648e-06,0.0304570517999999,3.508089420595812e-05,0.7873260053705314,1
P6,3.0,8.0,CP4,598.7208587202108,1212.8,452.8016489958195,609.3165570265318,0.373352283142991,0.4936682542218097,1320.0,474.432,0.3594181818181818,680.0,96.0,96.0,1117.1875,8.333333333333334,0.025013389886776,12.0,2.93543087868202e-06,7.023378781828648e-06,0.0304570517999999,3.508089420595812e-05,0.7873260053705314,1
P6,3.0,8.0,CP4,743.9602967073735,1146.6666666666667,463.2992055315375,758.6676580589259,0.4040400048240152,0.6488025843378257,1280.0,355.824,0.2779874999999999,620.0,96.29629629629628,96.29629629629628,1078.125,5.4,0.059761250768329,12.0,2.93543087868202e-06,7.023378781828648e-06,0.0304570517999999,3.508089420595812e-05,0.7873260053705314,1
P6,3.0,8.0,CP4,1403.9230748157108,1776.470588235294,1279.0667553751375,1449.928733880853,0.7200044649462696,0.7902878235717578,1520.0,474.432,0.3121263157894736,480.0,88.23529411764706,88.23529411764706,796.875,8.5,9.478932560775474e-05,12.0,2.93543087868202e-06,7.023378781828648e-06,0.0304570517999999,3.508089420595812e-05,0.7873260053705314,1
P6,6.0,6.0,EN4,767.0847721204271,1367.2727272727273,572.8639979726079,785.7347183490416,0.4189829772406042,0.5610327455668018,1420.0,593.04,0.4176338028169014,780.0,95.45454545454544,95.45454545454544,0.0,11.0,0.0177009156121481,8.0,5.8031743788276176e-05,0.0001066092686808,0.0445195127999999,0.0047827717005543,0.8682045177867627,4
P6,6.0,6.0,EN4,754.7184905645283,1443.809523809524,601.9840213035243,774.3139578124353,0.4169414395571903,0.5227271867366456,1480.0,296.52,0.2003513513513513,360.0,76.19047619047619,85.71428571428571,1039.0625,7.0,0.0016444222556357,8.0,5.8031743788276176e-05,0.0001066092686808,0.0445195127999999,0.0047827717005543,0.8682045177867627,4
P6,6.0,6.0,EN4,715.2876090331522,1253.9130434782608,492.94789629178666,731.5878479176504,0.3931276565433805,0.5704443483967581,1280.0,355.824,0.2779874999999999,420.0,91.30434782608695,91.30434782608695,117.1875,7.666666666666667,0.0145753041131772,8.0,5.8031743788276176e-05,0.0001066092686808,0.0445195127999999,0.0047827717005543,0.8682045177867627,4
P6,6.0,6.0,EN4,563.5263123953528,1401.8181818181818,544.8952399414244,576.1216802691863,0.3887060725911588,0.4019967209045966,1520.0,563.3879999999999,0.3706499999999999,790.0,90.9090909090909,95.45454545454544,242.1875,11.0,0.0002893380813531,8.0,5.8031743788276176e-05,0.0001066092686808,0.0445195127999999,0.0047827717005543,0.8682045177867627,4
P6,6.0,6.0,EN4,766.1853561638985,1415.2380952380952,518.3784240072019,783.9871105277715,0.366283543208319,0.5413826540862002,1440.0,652.3439999999999,0.4530166666666666,640.0,90.47619047619048,90.47619047619048,1562.5,7.0,0.0040500335537867,8.0,5.8031743788276176e-05,0.0001066092686808,0.0445195127999999,0.0047827717005543,0.8682045177867627,4
P6,6.0,6.0,EN4,748.1787410581969,1363.6363636363635,532.7962663831847,766.6327114633932,0.3907172620143354,0.5486644101093444,1520.0,326.172,0.2145868421052631,470.0,86.36363636363636,90.9090909090909,1156.25,7.333333333333333,0.014975600497489,8.0,5.8031743788276176e-05,0.0001066092686808,0.0445195127999999,0.0047827717005543,0.8682045177867627,4
P6,6.0,6.0,EN4,1000.4726155899792,1351.304347826087,695.2259563874054,1023.270370470215,0.5144851028606925,0.7403754877274622,1480.0,415.128,0.2804918918918919,1020.0,95.65217391304348,95.65217391304348,1320.3125,7.666666666666667,0.003693239245675,8.0,5.8031743788276176e-05,0.0001066092686808,0.0445195127999999,0.0047827717005543,0.8682045177867627,4
P6,5.0,3.0,EP1,694.3198110381123,1468.571428571429,499.78280997134857,712.1679281565106,0.3403190340271828,0.4727858635473527,1480.0,593.04,0.4007027027027027,760.0,71.42857142857143,90.47619047619048,484.375,7.0,0.0022392943419716,3.0,4.421819170525756e-06,2.136165863113108e-05,0.0263205978,1.0539531938759158e-05,0.6632579319025695,3
P6,5.0,3.0,EP1,881.0221336606703,1200.0,587.9909296352566,897.7637273497562,0.4899924413627138,0.734185111383892,1240.0,711.6479999999999,0.5739096774193547,960.0,96.0,96.0,39.0625,12.5,0.0145820139890941,3.0,4.421819170525756e-06,2.136165863113108e-05,0.0263205978,1.0539531938759158e-05,0.6632579319025695,3
P6,5.0,3.0,EP1,758.3047454398012,1203.3333333333333,576.3955968412414,775.2740176038028,0.4789991109484001,0.6301701485649318,1240.0,711.6479999999999,0.5739096774193547,910.0,91.66666666666666,95.83333333333334,78.125,8.0,0.0301138173420381,3.0,4.421819170525756e-06,2.136165863113108e-05,0.0263205978,1.0539531938759158e-05,0.6632579319025695,3
P6,5.0,3.0,EP1,658.6630679163945,1064.2857142857142,510.43502558495663,670.3114044363105,0.4796033797442546,0.6188780503912432,960.0,504.084,0.5250874999999999,690.0,89.28571428571429,96.42857142857144,156.25,14.0,0.0005919105602557,3.0,4.421819170525756e-06,2.136165863113108e-05,0.0263205978,1.0539531938759158e-05,0.6632579319025695,3
P6,5.0,3.0,EP1,822.8226036254941,1088.571428571429,569.37727052498,838.1909702234346,0.5230499860465695,0.7558737828580654,1140.0,830.256,0.7282947368421052,940.0,89.28571428571429,96.42857142857144,195.3125,9.333333333333334,0.0136026093851196,3.0,4.421819170525756e-06,2.136165863113108e-05,0.0263205978,1.0539531938759158e-05,0.6632579319025695,3
P6,5.0,3.0,EP1,822.1516486228884,1217.6,551.4925203481911,839.2111547869466,0.4529340673030479,0.6752231016942251,1320.0,593.04,0.4492727272727272,920.0,96.0,96.0,0.0,12.5,0.0158943497681159,3.0,4.421819170525756e-06,2.136165863113108e-05,0.0263205978,1.0539531938759158e-05,0.6632579319025695,3
P6,5.0,3.0,EP1,699.5508763281114,1250.909090909091,566.6518969300043,716.6110720407748,0.4529920687667185,0.5592339854367169,1240.0,652.3439999999999,0.5260838709677419,800.0,86.36363636363636,90.9090909090909,835.9375,5.5,0.0083387950601204,3.0,4.421819170525756e-06,2.136165863113108e-05,0.0263205978,1.0539531938759158e-05,0.6632579319025695,3
P7-1,4.0,4.0,CN1,635.2322409953701,1445.7142857142858,526.4653020719545,651.6182285583129,0.3641558413541187,0.4393898900165603,1480.0,533.736,0.3606324324324324,600.0,85.71428571428571,90.47619047619048,1117.1875,7.0,0.0014438841906234,16.0,2.5605904834866268e-06,7.333101463749308e-06,0.0303073092000001,5.497523017688183e-05,0.8621191623560016,2
P7-1,4.0,4.0,CN1,747.5049406951343,1328.695652173913,562.4564980982658,763.6798585840315,0.4233147727833807,0.5625855247378302,1480.0,652.3439999999999,0.4407729729729729,940.0,86.95652173913044,91.30434782608695,1320.3125,5.75,0.0078524715019843,16.0,2.5605904834866268e-06,7.333101463749308e-06,0.0303073092000001,5.497523017688183e-05,0.8621191623560016,2
P7-1,4.0,4.0,CN1,927.9367794557272,1172.8,643.192039751737,944.0646010811404,0.5484243176600758,0.7912148528783485,1040.0,533.736,0.5132076923076923,1040.0,76.0,96.0,398.4375,8.333333333333334,0.0099116207393789,16.0,2.5605904834866268e-06,7.333101463749308e-06,0.0303073092000001,5.497523017688183e-05,0.8621191623560016,2
P7-1,4.0,4.0,CN1,713.5513685471815,1078.571428571429,475.0962030119816,726.9873047794861,0.4404865458389233,0.6615708052755325,960.0,593.04,0.6177499999999999,650.0,85.71428571428571,89.28571428571429,398.4375,9.333333333333334,0.0264582193787081,16.0,2.5605904834866268e-06,7.333101463749308e-06,0.0303073092000001,5.497523017688183e-05,0.8621191623560016,2
P7-1,4.0,4.0,CN1,584.1917493426281,1453.3333333333333,490.7681054564704,599.368088292293,0.3376844762315164,0.4019668000063955,1440.0,593.04,0.4118333333333333,720.0,90.47619047619048,95.23809523809524,960.9375,10.5,0.0020904857711145,16.0,2.5605904834866268e-06,7.333101463749308e-06,0.0303073092000001,5.497523017688183e-05,0.8621191623560016,2
P7-1,4.0,4.0,CN1,943.6871592564216,1337.391304347826,655.4749658301524,965.2472038302748,0.4901145713294378,0.7056178368952437,1480.0,711.6479999999999,0.4808432432432432,1060.0,86.95652173913044,91.30434782608695,1398.4375,11.5,0.0031969965071153,16.0,2.5605904834866268e-06,7.333101463749308e-06,0.0303073092000001,5.497523017688183e-05,0.8621191623560016,2
P7-1,4.0,4.0,CN1,848.4495663660077,1190.4,537.6839220211072,866.6911925180767,0.451683402235473,0.7127432513155306,1200.0,711.6479999999999,0.5930399999999999,920.0,84.0,92.0,398.4375,8.333333333333334,0.014862416968015,16.0,2.5605904834866268e-06,7.333101463749308e-06,0.0303073092000001,5.497523017688183e-05,0.8621191623560016,2
P7-1,5.0,8.0,CP2,629.8190216244664,1149.2307692307693,494.262465311078,642.2751227732033,0.4300811277807238,0.5480352932475276,1060.0,711.6479999999999,0.671366037735849,840.0,92.3076923076923,92.3076923076923,554.6875,8.666666666666666,0.0124764631061148,44.0,4.359440955179656e-06,2.1780893806429035e-05,0.0100312716,9.281645425937511e-06,0.9755774638630728,1
P7-1,5.0,8.0,CP2,829.7662321401131,1189.2307692307693,540.8801943271584,845.2628782416352,0.4548151698740659,0.6977335716572749,1320.0,593.04,0.4492727272727272,1090.0,96.15384615384616,96.15384615384616,39.0625,13.0,0.0243532828368638,44.0,4.359440955179656e-06,2.1780893806429035e-05,0.0100312716,9.281645425937511e-06,0.9755774638630728,1
P7-1,5.0,8.0,CP2,740.7703697778015,1084.2857142857142,562.4643433731045,754.8815495467841,0.5187418186576722,0.6831874293075904,940.0,652.3439999999999,0.6939829787234042,940.0,89.28571428571429,96.42857142857144,359.375,9.333333333333334,0.0178786349209768,44.0,4.359440955179656e-06,2.1780893806429035e-05,0.0100312716,9.281645425937511e-06,0.9755774638630728,1
P7-1,5.0,8.0,CP2,964.039121909183,1280.0,633.8994963151267,987.6533033504458,0.4952339814961927,0.7531555639915493,1240.0,711.6479999999999,0.5739096774193547,910.0,95.45454545454544,95.45454545454544,0.0,11.0,0.0025869298744721,44.0,4.359440955179656e-06,2.1780893806429035e-05,0.0100312716,9.281645425937511e-06,0.9755774638630728,1
P7-1,5.0,8.0,CP2,653.299318842443,1066.2068965517242,490.9787149379976,665.2858716411247,0.460491032768497,0.6127322201303637,960.0,533.736,0.555975,840.0,89.65517241379311,93.10344827586206,398.4375,9.666666666666666,0.0017106128735201,44.0,4.359440955179656e-06,2.1780893806429035e-05,0.0100312716,9.281645425937511e-06,0.9755774638630728,1
P7-1,5.0,8.0,CP2,670.9016998853788,1304.3478260869565,566.936152305102,685.3545232292718,0.4346510501005782,0.5143579699121237,1480.0,711.6479999999999,0.4808432432432432,980.0,82.6086956521739,95.65217391304348,0.0,5.75,0.0046873440385988,44.0,4.359440955179656e-06,2.1780893806429035e-05,0.0100312716,9.281645425937511e-06,0.9755774638630728,1
P7-1,5.0,8.0,CP2,622.3098627029716,1268.3333333333333,526.6437345952249,636.2339788861705,0.4152250207058278,0.4906516657316465,1220.0,533.736,0.4374885245901639,650.0,91.66666666666666,91.66666666666666,0.0,12.0,0.0050116909721999,44.0,4.359440955179656e-06,2.1780893806429035e-05,0.0100312716,9.281645425937511e-06,0.9755774638630728,1
P7-1,3.0,5.0,EN1,908.36850084827,1243.2,631.3921127160206,926.4033616118828,0.5078765385424876,0.7306696435394706,1320.0,830.256,0.6289818181818182,1120.0,92.0,96.0,0.0,12.5,0.0036679778371654,58.0,3.1618295428884683e-06,1.1434055418072377e-06,0.0354474834000001,4.916060184251501e-05,0.6837261750212682,4
P7-1,3.0,5.0,EN1,786.6273633021243,1241.6666666666667,634.1558350976562,803.7383012629149,0.5107295316222734,0.6335253932634558,1300.0,800.6039999999999,0.6158492307692307,1090.0,91.66666666666666,91.66666666666666,398.4375,8.0,0.0147591830912602,58.0,3.1618295428884683e-06,1.1434055418072377e-06,0.0354474834000001,4.916060184251501e-05,0.6837261750212682,4
P7-1,3.0,5.0,EN1,868.7155268939692,1236.8,621.3876943315395,885.9286456692724,0.5024156648864323,0.7023896562855508,1240.0,830.256,0.6695612903225806,1040.0,88.0,96.0,78.125,8.333333333333334,0.0282243565644937,58.0,3.1618295428884683e-06,1.1434055418072377e-06,0.0354474834000001,4.916060184251501e-05,0.6837261750212682,4
P7-1,3.0,5.0,EN1,661.4584436888479,1351.304347826087,510.2522045547324,676.6558973830076,0.3775997652753811,0.4894962742871139,1360.0,593.04,0.4360588235294117,780.0,82.6086956521739,95.65217391304348,0.0,11.5,0.0088267153966529,58.0,3.1618295428884683e-06,1.1434055418072377e-06,0.0354474834000001,4.916060184251501e-05,0.6837261750212682,4
P7-1,3.0,5.0,EN1,838.266609791246,1335.6521739130435,539.054948177039,857.7025589641667,0.403589316669007,0.6276084643619354,1240.0,711.6479999999999,0.5739096774193547,880.0,91.30434782608695,95.65217391304348,242.1875,7.666666666666667,0.0023068182138231,58.0,3.1618295428884683e-06,1.1434055418072377e-06,0.0354474834000001,4.916060184251501e-05,0.6837261750212682,4
P7-1,3.0,5.0,EN1,688.4281613453456,1174.4,524.7069023115032,702.1437154183246,0.446787212458705,0.5861956414725354,960.0,652.3439999999999,0.6795249999999999,920.0,84.0,92.0,320.3125,5.0,0.0013049226072737,58.0,3.1618295428884683e-06,1.1434055418072377e-06,0.0354474834000001,4.916060184251501e-05,0.6837261750212682,4
P7-1,3.0,5.0,EN1,609.4806532341012,1193.6,476.1904380952365,620.7615706019759,0.39895311502617,0.5106238716773637,1160.0,593.04,0.5112413793103447,800.0,92.0,96.0,437.5,12.5,0.0165002304002283,58.0,3.1618295428884683e-06,1.1434055418072377e-06,0.0354474834000001,4.916060184251501e-05,0.6837261750212682,4
P7-1,3.0,3.0,EP1,801.332224070225,1363.6363636363635,528.48882003353,821.12118472245,0.3875584680245886,0.5876436309848316,1520.0,474.432,0.3121263157894736,670.0,90.9090909090909,95.45454545454544,679.6875,11.0,0.0101181197161477,14.0,9.260818545018108e-07,2.911497318727752e-06,0.0478701887999999,0.0001104786890588,0.4685719066360179,3
P7-1,3.0,3.0,EP1,668.7540654082037,1072.3076923076924,455.3706858576445,681.7624219623725,0.4246641977151634,0.6236587410549962,960.0,444.78,0.4633124999999999,590.0,96.15384615384616,96.15384615384616,242.1875,8.666666666666666,0.0152903098074655,14.0,9.260818545018108e-07,2.911497318727752e-06,0.0478701887999999,0.0001104786890588,0.4685719066360179,3
P7-1,3.0,3.0,EP1,720.832851637604,1216.0,504.6450898073483,736.2104299053698,0.4150041856968325,0.5927901740440822,1280.0,593.04,0.4633124999999999,760.0,92.0,92.0,476.5625,8.333333333333334,0.0120131955401754,14.0,9.260818545018108e-07,2.911497318727752e-06,0.0478701887999999,0.0001104786890588,0.4685719066360179,3
P7-1,3.0,3.0,EP1,917.4457295484384,984.516129032258,611.7670510342829,933.0942222445742,0.6213885511816111,0.9318747580603406,760.0,415.128,0.5462210526315789,660.0,80.64516129032258,93.5483870967742,117.1875,7.75,0.0041966932853228,14.0,9.260818545018108e-07,2.911497318727752e-06,0.0478701887999999,0.0001104786890588,0.4685719066360179,3
P7-1,3.0,3.0,EP1,716.2219719077866,1220.0,560.8688911354224,732.1029323512591,0.4597285992913298,0.5870671900883497,1160.0,741.3,0.639051724137931,1040.0,83.33333333333334,95.83333333333334,195.3125,12.0,0.0007337314432909,14.0,9.260818545018108e-07,2.911497318727752e-06,0.0478701887999999,0.0001104786890588,0.4685719066360179,3
P7-1,3.0,3.0,EP1,714.8258529180376,1156.923076923077,534.3764158775664,729.4491072035114,0.4618945084048114,0.617868090953091,1180.0,770.952,0.6533491525423729,960.0,92.3076923076923,96.15384615384616,117.1875,8.666666666666666,0.0056917455067756,14.0,9.260818545018108e-07,2.911497318727752e-06,0.0478701887999999,0.0001104786890588,0.4685719066360179,3
P7-1,3.0,3.0,EP1,766.9419795525604,1193.6,619.427692847734,780.0092901713564,0.5189575174662651,0.6425452241559655,1240.0,770.952,0.6217354838709678,1040.0,88.0,96.0,39.0625,6.25,0.0034805509123691,14.0,9.260818545018108e-07,2.911497318727752e-06,0.0478701887999999,0.0001104786890588,0.4685719066360179,3
P8,5.0,2.0,CN1,1790.6949029061643,1713.3333333333333,1242.180246464209,1845.1685719260256,0.7250079259518729,1.0451526670658546,1520.0,948.864,0.6242526315789473,1190.0,94.44444444444444,94.44444444444444,0.0,18.0,0.0007473573732409,5.0,2.242444552730772e-05,0.0007926119863834,0.0159676019999999,7.103883757641225e-05,0.7246481691176312,2
P8,5.0,2.0,CN1,844.0379138403678,1361.904761904762,606.2971140259456,865.6704125461923,0.4451831956134565,0.6197481185541162,1480.0,830.256,0.5609837837837838,1040.0,90.47619047619048,95.23809523809524,1039.0625,7.0,0.0187239895552559,5.0,2.242444552730772e-05,0.0007926119863834,0.0159676019999999,7.103883757641225e-05,0.7246481691176312,2
P8,5.0,2.0,CN1,1112.160060422959,1760.0,853.2291603080616,1148.2827758585136,0.4847892956295804,0.6319091252403176,1520.0,770.952,0.5072052631578947,1000.0,94.11764705882352,94.11764705882352,0.0,17.0,0.0017918599894572,5.0,2.242444552730772e-05,0.0007926119863834,0.0159676019999999,7.103883757641225e-05,0.7246481691176312,2
P8,5.0,2.0,CN1,1411.6302632063398,1727.0588235294117,1108.1728469979444,1449.9448265365131,0.6416532152236054,0.8173608472243793,1480.0,474.432,0.3205621621621621,1000.0,88.23529411764706,94.11764705882352,875.0,8.5,0.0020153913822391,5.0,2.242444552730772e-05,0.0007926119863834,0.0159676019999999,7.103883757641225e-05,0.7246481691176312,2
P8,5.0,2.0,CN1,1610.9624452481814,1675.2941176470588,1088.7499577902336,1659.5501398471413,0.6498858596360243,0.9615997742001084,1480.0,770.952,0.5209135135135136,880.0,94.11764705882352,94.11764705882352,0.0,8.5,0.0018873778878685,5.0,2.242444552730772e-05,0.0007926119863834,0.0159676019999999,7.103883757641225e-05,0.7246481691176312,2
P8,5.0,2.0,CN1,1169.1266581757268,1874.6666666666667,763.4308525771451,1213.1296371301446,0.4072355188000418,0.6236450879315755,1800.0,889.56,0.4942,1280.0,86.66666666666667,93.33333333333331,0.0,15.0,0.0004335941921852,5.0,2.242444552730772e-05,0.0007926119863834,0.0159676019999999,7.103883757641225e-05,0.7246481691176312,2
P8,5.0,2.0,CN1,866.0618672443308,1422.0,793.4972556580408,884.4544358658658,0.5580149477201412,0.6090449136739317,1200.0,800.6039999999999,0.6671699999999999,1350.0,95.0,95.0,281.25,10.0,0.0001224306977658,5.0,2.242444552730772e-05,0.0007926119863834,0.0159676019999999,7.103883757641225e-05,0.7246481691176312,2
P8,2.0,8.0,CP3,1453.272169966796,1965.3333333333333,1276.8592419720835,1458.0432469203752,0.6496909304471254,0.739453275084869,1840.0,889.56,0.4834565217391304,1120.0,93.33333333333331,93.33333333333331,0.0,15.0,0.0005978807844116,4.0,9.864059680309096e-06,0.0002411211306317,0.0333421913999999,7.161113035078818e-05,0.7165944837942009,1
P8,2.0,8.0,CP3,952.6279441628824,1684.7058823529412,622.3957507793857,983.4598788630544,0.3694388185492163,0.5654565311022697,1760.0,593.04,0.3369545454545454,680.0,94.11764705882352,94.11764705882352,1281.25,8.5,0.0013357687619089,4.0,9.864059680309096e-06,0.0002411211306317,0.0333421913999999,7.161113035078818e-05,0.7165944837942009,1
P8,2.0,8.0,CP3,983.3436357054196,1548.888888888889,862.8058802118264,1008.9540303175946,0.5570482727336039,0.6348703530379323,1700.0,1186.08,0.6976941176470588,1420.0,83.33333333333334,94.44444444444444,0.0,9.0,0.0058282083531197,4.0,9.864059680309096e-06,0.0002411211306317,0.0333421913999999,7.161113035078818e-05,0.7165944837942009,1
P8,2.0,8.0,CP3,1569.858956357909,1957.3333333333333,1257.3411099087898,1629.108837492328,0.6423745452531283,0.8020396575398037,1680.0,1482.6,0.8825,1600.0,93.33333333333331,93.33333333333331,679.6875,7.5,4.032852730985032e-05,4.0,9.864059680309096e-06,0.0002411211306317,0.0333421913999999,7.161113035078818e-05,0.7165944837942009,1
P8,2.0,8.0,CP3,1326.7705151984649,1645.0,976.4015567378004,1368.199372828947,0.5935571773482069,0.8065474256525622,1320.0,800.6039999999999,0.6065181818181817,1340.0,93.75,93.75,796.875,8.0,0.0006737923740366,4.0,9.864059680309096e-06,0.0002411211306317,0.0333421913999999,7.161113035078818e-05,0.7165944837942009,1
P8,2.0,8.0,CP3,1111.68340816979,1917.5,840.8844550035793,1148.4614967528555,0.4385316584112538,0.5797566665813768,2040.0,978.516,0.4796647058823529,1180.0,93.75,93.75,0.0,16.0,0.0005679901986028,4.0,9.864059680309096e-06,0.0002411211306317,0.0333421913999999,7.161113035078818e-05,0.7165944837942009,1
P8,2.0,8.0,CP3,3483.233309112998,1949.3333333333333,2346.570344343502,3609.8923913218073,1.2037809564005653,1.786884392499828,1080.0,830.256,0.7687555555555555,1240.0,93.33333333333331,93.33333333333331,320.3125,7.5,8.96142470062521e-05,4.0,9.864059680309096e-06,0.0002411211306317,0.0333421913999999,7.161113035078818e-05,0.7165944837942009,1
P8,7.0,4.0,EN1,874.3295568108421,1281.6666666666667,726.4904719245129,893.9780970161763,0.566832617886486,0.6821817088251043,1180.0,859.9079999999999,0.7287355932203389,1100.0,91.66666666666666,95.83333333333334,117.1875,12.0,0.0011363064336587,2.0,1.5430061969058448e-05,0.0004084920679642,0.0230959427999999,0.0001995088702068,0.6848622928984817,4
P8,7.0,4.0,EN1,1209.914597537088,1672.5,832.053684165471,1242.8048155377455,0.4974909920271875,0.7234167997232215,1420.0,1067.472,0.7517408450704225,1270.0,93.75,93.75,640.625,8.0,0.0018563191763872,2.0,1.5430061969058448e-05,0.0004084920679642,0.0230959427999999,0.0001995088702068,0.6848622928984817,4
P8,7.0,4.0,EN1,1609.9689437998486,1572.6315789473683,973.794651552273,1656.240328618945,0.6192134665158363,1.0237419656023137,1520.0,1363.992,0.8973631578947369,1720.0,84.21052631578947,89.47368421052632,234.375,9.5,0.0017341888668616,2.0,1.5430061969058448e-05,0.0004084920679642,0.0230959427999999,0.0001995088702068,0.6848622928984817,4
P8,7.0,4.0,EN1,900.285668948632,1385.4545454545455,664.2484279439237,917.7487984970926,0.4794444033715985,0.6498124907109548,1200.0,415.128,0.3459399999999999,700.0,90.9090909090909,95.45454545454544,515.625,7.333333333333333,0.001042398459366,2.0,1.5430061969058448e-05,0.0004084920679642,0.0230959427999999,0.0001995088702068,0.6848622928984817,4
P8,7.0,4.0,EN1,597.5186787277628,1354.5454545454545,509.0114347366282,607.2765118994492,0.3757802538324101,0.4411211722151269,1240.0,504.084,0.4065193548387096,800.0,81.81818181818183,95.45454545454544,554.6875,7.333333333333333,0.0038364630246176,2.0,1.5430061969058448e-05,0.0004084920679642,0.0230959427999999,0.0001995088702068,0.6848622928984817,4
P8,7.0,4.0,EN1,886.1032374212505,1310.0,565.3689992059681,909.551653577913,0.4315793887068458,0.6764146850543896,1240.0,652.3439999999999,0.5260838709677419,910.0,85.0,90.0,437.5,10.0,0.0083621077937973,2.0,1.5430061969058448e-05,0.0004084920679642,0.0230959427999999,0.0001995088702068,0.6848622928984817,4
P8,7.0,4.0,EN1,848.0288563347774,1511.111111111111,653.4693735916185,872.9126362862639,0.4324429678179828,0.5611955666921321,1360.0,533.736,0.3924529411764705,940.0,83.33333333333334,83.33333333333334,882.8125,6.0,0.0004192102988601,2.0,1.5430061969058448e-05,0.0004084920679642,0.0230959427999999,0.0001995088702068,0.6848622928984817,4
P8,2.0,3.0,EP1,1785.8861872146863,1502.0,1172.5617478971326,1832.12400305577,0.7806669426745224,1.1890054508752903,1120.0,711.6479999999999,0.6354,1250.0,85.0,95.0,117.1875,10.0,0.0001198365324317,11.0,7.2143299548031614e-06,9.979966602569672e-05,0.0307283676,0.0001458082455591,0.9006383897416398,3
P8,2.0,3.0,EP1,931.3216415395918,1369.5238095238096,719.5448296699532,954.2459133566643,0.5253978241679074,0.6800331874941387,1240.0,711.6479999999999,0.5739096774193547,760.0,85.71428571428571,95.23809523809524,1359.375,7.0,0.003470621167528,11.0,7.2143299548031614e-06,9.979966602569672e-05,0.0307283676,0.0001458082455591,0.9006383897416398,3
P8,2.0,3.0,EP1,819.8489988725856,1309.090909090909,657.6358023137491,838.31577185052,0.5023606823230028,0.6262735408054474,1160.0,563.3879999999999,0.4856793103448275,620.0,77.27272727272727,90.9090909090909,562.5,7.333333333333333,0.013194775887357,11.0,7.2143299548031614e-06,9.979966602569672e-05,0.0307283676,0.0001458082455591,0.9006383897416398,3
P8,2.0,3.0,EP1,1236.4465212858986,1555.7894736842106,804.5310282634204,1272.2744801893878,0.5171207556496951,0.7947389683502054,1360.0,355.824,0.261635294117647,680.0,94.73684210526316,94.73684210526316,0.0,9.5,0.0021998686151987,11.0,7.2143299548031614e-06,9.979966602569672e-05,0.0307283676,0.0001458082455591,0.9006383897416398,3
P8,2.0,3.0,EP1,1563.5254282249082,1686.6666666666667,1247.019977197403,1611.4626166020366,0.7393399074292903,0.9269913606076532,1400.0,1156.428,0.8260199999999999,1550.0,83.33333333333334,88.88888888888889,0.0,9.0,0.0012708533663061,11.0,7.2143299548031614e-06,9.979966602569672e-05,0.0307283676,0.0001458082455591,0.9006383897416398,3
P8,2.0,3.0,EP1,957.496736286866,1597.7777777777778,654.8960901462833,982.8769296425312,0.4098793331930841,0.5992677765355906,1380.0,563.3879999999999,0.4082521739130434,1060.0,94.44444444444444,94.44444444444444,406.25,6.0,0.0002741269020796,11.0,7.2143299548031614e-06,9.979966602569672e-05,0.0307283676,0.0001458082455591,0.9006383897416398,3
P8,2.0,3.0,EP1,526.1178575186362,1272.7272727272727,514.8664349978991,539.106845139431,0.404537913212635,0.4133783166217856,1160.0,415.128,0.3578689655172413,590.0,90.9090909090909,95.45454545454544,0.0,11.0,0.0010614093184765,11.0,7.2143299548031614e-06,9.979966602569672e-05,0.0307283676,0.0001458082455591,0.9006383897416398,3
P9,2.0,5.0,CN1,769.8221138396335,1276.6666666666667,639.2296087898488,784.6592372342756,0.5007020434385239,0.6029938228508879,1480.0,770.952,0.5209135135135136,1170.0,87.5,95.83333333333334,1398.4375,8.0,0.0045667078514159,2.0,0.0002881431180563,1.5303630050097556e-05,0.6467457023999998,0.008970358868287,2.5014695739809927,2
P9,2.0,5.0,CN1,1183.3582898282596,1422.0,829.302814353561,1215.4598677284575,0.5831946655088333,0.8321788254769757,1520.0,415.128,0.2731105263157894,1020.0,90.0,95.0,1320.3125,6.666666666666667,0.0031921276063639,2.0,0.0002881431180563,1.5303630050097556e-05,0.6467457023999998,0.008970358868287,2.5014695739809927,2
P9,2.0,5.0,CN1,878.179936004006,1562.1052631578948,582.633665611672,903.072460703484,0.3729797724603021,0.5621771827518905,1640.0,652.3439999999999,0.397770731707317,800.0,94.73684210526316,94.73684210526316,718.75,9.5,0.002208755266971,2.0,0.0002881431180563,1.5303630050097556e-05,0.6467457023999998,0.008970358868287,2.5014695739809927,2
P9,2.0,5.0,CN1,840.3895200765805,1280.0,665.9511311582173,858.4714090598243,0.5202743212173573,0.6565543125598285,1160.0,533.736,0.4601172413793103,600.0,95.65217391304348,95.65217391304348,875.0,7.666666666666667,0.0088705196866918,2.0,0.0002881431180563,1.5303630050097556e-05,0.6467457023999998,0.008970358868287,2.5014695739809927,2
P9,2.0,5.0,CN1,747.1357070210755,1588.888888888889,567.1485840058751,769.942702222628,0.3569466612624389,0.4702252701531244,1720.0,622.692,0.3620302325581395,910.0,94.44444444444444,94.44444444444444,1476.5625,9.0,0.0062706949943615,2.0,0.0002881431180563,1.5303630050097556e-05,0.6467457023999998,0.008970358868287,2.5014695739809927,2
P9,2.0,5.0,CN1,766.4795555596438,1326.9565217391305,642.2293188758322,784.5080075135077,0.4839867081960727,0.5776222076629033,1240.0,948.864,0.7652129032258064,1160.0,95.65217391304348,95.65217391304348,117.1875,7.666666666666667,0.0127222316302892,2.0,0.0002881431180563,1.5303630050097556e-05,0.6467457023999998,0.008970358868287,2.5014695739809927,2
P9,2.0,5.0,CN1,1030.1967109042305,1490.0,712.8150273092556,1053.533181130376,0.4783993471874198,0.6914071885263292,1620.0,652.3439999999999,0.4026814814814814,870.0,90.0,95.0,1398.4375,10.0,0.0099742414031069,2.0,0.0002881431180563,1.5303630050097556e-05,0.6467457023999998,0.008970358868287,2.5014695739809927,2
P9,2.0,8.0,CP1,863.6276000562669,1494.0,592.6248480500254,885.3690544474092,0.3966699116800706,0.5780639893281573,1540.0,652.3439999999999,0.4236,860.0,95.0,95.0,242.1875,10.0,0.0051923224622414,29.0,4.617216271105115e-05,1.7364468791050193e-06,0.6533996112,0.0323636733034046,2.45645510027781,1
P9,2.0,8.0,CP1,825.233619235056,1474.0,630.4918714781342,846.3861947381201,0.427742110907825,0.5598599859125211,1560.0,652.3439999999999,0.4181692307692307,940.0,90.0,90.0,1562.5,6.666666666666667,0.0204256261232018,29.0,4.617216271105115e-05,1.7364468791050193e-06,0.6533996112,0.0323636733034046,2.45645510027781,1
P9,2.0,8.0,CP1,719.39368410299,1333.9130434782608,596.0608505424652,733.5993220879947,0.4468513547091493,0.5393107801293603,1240.0,770.952,0.6217354838709678,920.0,86.95652173913044,95.65217391304348,757.8125,5.75,0.0032268377897132,29.0,4.617216271105115e-05,1.7364468791050193e-06,0.6533996112,0.0323636733034046,2.45645510027781,1
P9,2.0,8.0,CP1,1103.9202869772798,1476.190476190476,804.4779437030961,1131.6145894019608,0.5449689296053232,0.7478169685975121,1240.0,889.56,0.7173870967741935,1000.0,95.23809523809524,95.23809523809524,0.0,10.5,0.0005100812363729,29.0,4.617216271105115e-05,1.7364468791050193e-06,0.6533996112,0.0323636733034046,2.45645510027781,1
P9,2.0,8.0,CP1,936.4131381059276,1300.0,665.4713922574309,956.2542205853796,0.5119010709672546,0.7203177985430214,1440.0,919.212,0.6383416666666667,1100.0,91.66666666666666,95.83333333333334,78.125,8.0,0.0057660390546084,29.0,4.617216271105115e-05,1.7364468791050193e-06,0.6533996112,0.0323636733034046,2.45645510027781,1
P9,2.0,8.0,CP1,895.3617856892973,1273.0434782608695,626.1747852317907,915.7496396927507,0.4918722698200541,0.7033238070646803,1320.0,711.6479999999999,0.5391272727272727,980.0,95.65217391304348,95.65217391304348,953.125,7.666666666666667,0.0177838941058024,29.0,4.617216271105115e-05,1.7364468791050193e-06,0.6533996112,0.0323636733034046,2.45645510027781,1
P9,2.0,8.0,CP1,1277.6817241532783,1644.4444444444443,824.3230536215921,1316.6267057723464,0.5012775326077249,0.7769686160391558,1560.0,652.3439999999999,0.4181692307692307,770.0,94.44444444444444,94.44444444444444,0.0,9.0,0.0007126091662602,29.0,4.617216271105115e-05,1.7364468791050193e-06,0.6533996112,0.0323636733034046,2.45645510027781,1
P9,8.0,2.0,EN1,841.452378488027,1480.0,635.1129199226162,863.817177971742,0.429130351299065,0.568548904383802,1620.0,593.04,0.366074074074074,990.0,90.0,95.0,1156.25,10.0,0.0030288926147297,4.0,6.051160446550193e-05,6.356288260483346e-05,0.1561177800000002,0.0005360135032038,1.3464441621123588,4
P9,8.0,2.0,EN1,855.909935788701,1234.7826086956522,677.4609654318058,876.0023325197751,0.5486479649623779,0.6931664972936662,1000.0,770.952,0.770952,1120.0,95.65217391304348,95.65217391304348,117.1875,7.666666666666667,0.0015513869052753,4.0,6.051160446550193e-05,6.356288260483346e-05,0.1561177800000002,0.0005360135032038,1.3464441621123588,4
P9,8.0,2.0,EN1,1428.5657142742857,1778.8235294117646,1010.6550001913436,1474.1144234194758,0.5681592262980437,0.8030958049822373,1840.0,237.216,0.1289217391304347,240.0,88.23529411764706,88.23529411764706,1476.5625,4.25,0.0047371519646188,4.0,6.051160446550193e-05,6.356288260483346e-05,0.1561177800000002,0.0005360135032038,1.3464441621123588,4
P9,8.0,2.0,EN1,857.9535013777354,1346.0,640.2992721335366,881.1422676880464,0.4757052541853913,0.6374097335644394,1480.0,800.6039999999999,0.5409486486486486,1250.0,95.0,95.0,0.0,6.666666666666667,0.0035959192037176,4.0,6.051160446550193e-05,6.356288260483346e-05,0.1561177800000002,0.0005360135032038,1.3464441621123588,4
P9,8.0,2.0,EN1,882.2194234492409,1616.842105263158,616.8472945513514,906.401345262026,0.3815136261873593,0.5456435236176945,1680.0,474.432,0.2824,640.0,94.73684210526316,94.73684210526316,1242.1875,9.5,0.0047474601729805,4.0,6.051160446550193e-05,6.356288260483346e-05,0.1561177800000002,0.0005360135032038,1.3464441621123588,4
P9,8.0,2.0,EN1,975.4812332196024,1349.5652173913045,743.0861828205489,997.7429073117528,0.5506115401054325,0.7228114808006074,1480.0,889.56,0.601054054054054,1060.0,91.30434782608695,95.65217391304348,1242.1875,5.75,0.004396326302999,4.0,6.051160446550193e-05,6.356288260483346e-05,0.1561177800000002,0.0005360135032038,1.3464441621123588,4
P9,8.0,2.0,EN1,1119.537719722901,1473.3333333333333,725.3721154568549,1152.6440193286553,0.4923340150159648,0.7598672305811547,1540.0,681.996,0.4428545454545454,1170.0,88.88888888888889,88.88888888888889,39.0625,9.0,0.0222684771038187,4.0,6.051160446550193e-05,6.356288260483346e-05,0.1561177800000002,0.0005360135032038,1.3464441621123588,4
P9,6.0,3.0,EP4,970.9227101530322,1335.6521739130435,647.8764338342511,993.7431967694376,0.4850637362691333,0.726927810335929,1440.0,711.6479999999999,0.4941999999999999,1160.0,95.65217391304348,95.65217391304348,78.125,7.666666666666667,0.0078853301560945,3.0,0.0001587596883165,0.0014044682960639,0.1560466151999998,0.002362569521944,1.8615148195413904,3
P9,6.0,3.0,EP4,1087.6496762201596,1320.0,746.77488393272,1113.2449351846549,0.5657385484338787,0.8239770274395148,1320.0,1067.472,0.8086909090909091,1040.0,95.65217391304348,95.65217391304348,117.1875,11.5,0.0176013514782482,3.0,0.0001587596883165,0.0014044682960639,0.1560466151999998,0.002362569521944,1.8615148195413904,3
P9,6.0,3.0,EP4,1067.1903476396506,1401.8181818181818,730.5551467964774,1091.5292897930824,0.5211482888950228,0.7612901312604512,1600.0,652.3439999999999,0.4077149999999999,1400.0,90.9090909090909,90.9090909090909,156.25,7.333333333333333,0.0329797922604916,3.0,0.0001587596883165,0.0014044682960639,0.1560466151999998,0.002362569521944,1.8615148195413904,3
P9,6.0,3.0,EP4,828.5494056766071,1677.7777777777778,613.797778114503,852.6705453007798,0.3658397353000349,0.493837394111885,1720.0,563.3879999999999,0.3275511627906976,690.0,83.33333333333334,94.44444444444444,1117.1875,9.0,0.0021742469920726,3.0,0.0001587596883165,0.0014044682960639,0.1560466151999998,0.002362569521944,1.8615148195413904,3
P9,6.0,3.0,EP4,813.5691346419832,1414.0,650.9943810898266,833.9688804549313,0.4603920658343893,0.5753671390678806,1480.0,741.3,0.5008783783783783,1110.0,90.0,95.0,1039.0625,6.666666666666667,0.0057927441223116,3.0,0.0001587596883165,0.0014044682960639,0.1560466151999998,0.002362569521944,1.8615148195413904,3
P9,6.0,3.0,EP4,999.4103524736868,1480.0,684.1360283329317,1025.1344227930897,0.4622540731979268,0.6752772651849236,1580.0,830.256,0.5254784810126583,1220.0,95.0,95.0,0.0,10.0,0.0010704694408955,3.0,0.0001587596883165,0.0014044682960639,0.1560466151999998,0.002362569521944,1.8615148195413904,3
P9,6.0,3.0,EP4,988.6595061231238,1370.909090909091,717.3689300619186,1011.7029490630424,0.5232797235199671,0.7211707272781407,1500.0,1097.124,0.7314160000000001,1100.0,86.36363636363636,90.9090909090909,1281.25,7.333333333333333,0.0146846833772273,3.0,0.0001587596883165,0.0014044682960639,0.1560466151999998,0.002362569521944,1.8615148195413904,3
